Strain_ID	Gene	WormBase_ID	Ensembl_ID	Temperature_Sensitive	Phenotype	Amino_Acid_WT	Amino_Acid_Mutant	Ortholog_Count	Allele_Count
CB1000	aap-1	WBGene00000001	ENSG000000400	No	WBPhenotype:0000061, WBPhenotype:0000295, WBPhenotype:0000637	L	I	4	3
CB1001	aat-1	WBGene00000002	ENSG000000404	No	WBPhenotype:0000062, WBPhenotype:0000031, WBPhenotype:0000049	I	G	4	1
CB1002	aat-2	WBGene00000003	ENSG000000405	No	WBPhenotype:0000062, WBPhenotype:0000031, WBPhenotype:0000049	S	L	6	2
CB1003	aat-3	WBGene00000004	ENSG000000406	No	WBPhenotype:0000062, WBPhenotype:0000031, WBPhenotype:0000049	T	Y	8	1
CB1004	aat-5	WBGene00000006	ENSG000000408	Yes	WBPhenotype:0000062, WBPhenotype:0000031, WBPhenotype:0000049	G	W	2	2
CB1005	aat-6	WBGene00000007	ENSG000000409	No	WBPhenotype:0000062, WBPhenotype:0000031, WBPhenotype:0000049	V	R	4	3
CB1006	aat-7	WBGene00000008	ENSG000000410	No	WBPhenotype:0000062, WBPhenotype:0000031, WBPhenotype:0000049	I	Q	5	1
CB1007	aat-9	WBGene00000010	ENSG000000412	No	WBPhenotype:0000062, WBPhenotype:0000031, WBPhenotype:0000049	A	A	7	1
CB1008	abc-1	WBGene00000011	ENSG000000388	No	WBPhenotype:0000050, WBPhenotype:0000059, WBPhenotype:0000504	G	V	6	4
CB1009	abf-3	WBGene00000014	ENSG000000393	No	WBPhenotype:0001012, WBPhenotype:0001013, WBPhenotype:0000031	H	L	3	3
CB1010	abl-1	WBGene00000018	ENSG000000397	No	WBPhenotype:0000386, WBPhenotype:0000436, WBPhenotype:0000730	Y	Y	6	3
CB1011	abt-1	WBGene00000019	ENSG000000405	No	WBPhenotype:0001208, WBPhenotype:0000062, WBPhenotype:0000031	L	M	6	1
CB1012	abt-2	WBGene00000020	ENSG000000406	No	WBPhenotype:0000062, WBPhenotype:0000743, WBPhenotype:0001208	K	A	8	1
CB1013	abt-3	WBGene00000021	ENSG000000407	No	WBPhenotype:0000062	W	G	2	4
CB1014	abt-4	WBGene00000022	ENSG000000408	No	WBPhenotype:0000062, WBPhenotype:0000743, WBPhenotype:0001208	G	I	7	2
CB1015	ace-1	WBGene00000035	ENSG000000391	Yes	WBPhenotype:0000124, WBPhenotype:0000177, WBPhenotype:0001289	D	H	4	4
CB1016	ace-2	WBGene00000036	ENSG000000392	No	WBPhenotype:0000124, WBPhenotype:0000177, WBPhenotype:0000643	W	V	8	2
CB1017	ace-3	WBGene00000037	ENSG000000393	No	WBPhenotype:0000177, WBPhenotype:0001987, WBPhenotype:0000062	N	M	4	4
CB1018	ace-4	WBGene00000038	ENSG000000394	No	WBPhenotype:0000177, WBPhenotype:0001987, WBPhenotype:0000062	K	K	6	4
CB1019	acn-1	WBGene00000039	ENSG000000400	No	WBPhenotype:0000050, WBPhenotype:0000062, WBPhenotype:0000688	S	R	6	4
CB1020	aco-1	WBGene00000040	ENSG000000401	No	WBPhenotype:0000039, WBPhenotype:0000154, WBPhenotype:0002046	M	E	2	4
CB1021	acr-2	WBGene00000042	ENSG000000405	No	WBPhenotype:0000016, WBPhenotype:0000017, WBPhenotype:0000022	P	M	4	4
CB1022	acr-3	WBGene00000043	ENSG000000406	No	WBPhenotype:0001005, WBPhenotype:0002286, WBPhenotype:0002289	F	V	2	4
CB1023	acr-5	WBGene00000044	ENSG000000408	Yes	WBPhenotype:0000525, WBPhenotype:0001573, WBPhenotype:0001780	Y	D	6	3
CB1024	acr-6	WBGene00000045	ENSG000000409	No	WBPhenotype:0000542, WBPhenotype:0001005, WBPhenotype:0002286	I	V	8	2
CB1025	acr-7	WBGene00000046	ENSG000000410	No	WBPhenotype:0000022, WBPhenotype:0001482, WBPhenotype:0002286	K	V	3	1
CB1026	acr-8	WBGene00000047	ENSG000000411	No	WBPhenotype:0001203, WBPhenotype:0000421, WBPhenotype:0000643	V	K	6	1
CB1027	acr-9	WBGene00000048	ENSG000000412	No	WBPhenotype:0000062, WBPhenotype:0000164, WBPhenotype:0000353	H	M	2	3
CB1028	acr-10	WBGene00000049	ENSG000000452	No	WBPhenotype:0000542, WBPhenotype:0001005, WBPhenotype:0002284	W	H	8	2
CB1029	acr-11	WBGene00000050	ENSG000000453	No	WBPhenotype:0001005, WBPhenotype:0001573, WBPhenotype:0002286	R	P	5	1
CB1030	acr-12	WBGene00000051	ENSG000000454	No	WBPhenotype:0000016, WBPhenotype:0001316, WBPhenotype:0002326	L	N	5	4
CB1031	acr-14	WBGene00000053	ENSG000000456	No	WBPhenotype:0000542, WBPhenotype:0002286, WBPhenotype:0002293	S	W	6	1
CB1032	acr-15	WBGene00000054	ENSG000000457	No	WBPhenotype:0000164, WBPhenotype:0000324, WBPhenotype:0000525	Y	D	1	3
CB1033	acr-16	WBGene00000055	ENSG000000458	No	WBPhenotype:0000039, WBPhenotype:0000062, WBPhenotype:0000656	H	K	4	1
CB1034	acr-18	WBGene00000057	ENSG000000460	No	WBPhenotype:0000164, WBPhenotype:0000324, WBPhenotype:0001005	R	H	8	2
CB1035	acr-19	WBGene00000058	ENSG000000461	No	WBPhenotype:0000324, WBPhenotype:0000542, WBPhenotype:0002284	D	G	4	4
CB1036	acr-21	WBGene00000060	ENSG000000454	No	WBPhenotype:0000542, WBPhenotype:0001005, WBPhenotype:0001573	M	L	6	3
CB1037	lgc-11	WBGene00000061	ENSG000000453	No	WBPhenotype:0000062, WBPhenotype:0000681, WBPhenotype:0000964	K	M	1	4
CB1038	acr-23	WBGene00000062	ENSG000000456	No	WBPhenotype:0000542, WBPhenotype:0001853, WBPhenotype:0002284	W	K	5	4
CB1039	act-1	WBGene00000063	ENSG000000406	No	WBPhenotype:0000031, WBPhenotype:0000229, WBPhenotype:0000781	S	S	5	4
CB1040	act-3	WBGene00000065	ENSG000000408	No	WBPhenotype:0000031, WBPhenotype:0000229, WBPhenotype:0000781	D	Q	5	4
CB1041	act-4	WBGene00000066	ENSG000000409	No	WBPhenotype:0000882, WBPhenotype:0002259, WBPhenotype:0000050	I	G	5	4
CB1042	act-5	WBGene00000067	ENSG000000410	No	WBPhenotype:0000062, WBPhenotype:0002504, WBPhenotype:0000032	F	D	1	4
CB1043	acy-1	WBGene00000068	ENSG000000411	No	WBPhenotype:0000062, WBPhenotype:0000273, WBPhenotype:0000420	E	W	8	1
CB1044	acy-2	WBGene00000069	ENSG000000412	Yes	WBPhenotype:0000062, WBPhenotype:0000688, WBPhenotype:0000031	Q	D	8	3
CB1045	acy-3	WBGene00000070	ENSG000000413	No	WBPhenotype:0000062, WBPhenotype:0001467, WBPhenotype:0001764	C	W	4	4
CB1046	acy-4	WBGene00000071	ENSG000000414	No	WBPhenotype:0000059, WBPhenotype:0000062, WBPhenotype:0000105	R	Y	2	1
CB1047	add-1	WBGene00000072	ENSG000000391	Yes	WBPhenotype:0001685, WBPhenotype:0001785, WBPhenotype:0001861	F	W	4	4
CB1048	adm-4	WBGene00000075	ENSG000000403	Yes	WBPhenotype:0000886, WBPhenotype:0000032, WBPhenotype:0000049	D	W	4	3
CB1049	adn-1	WBGene00000076	ENSG000000401	No	WBPhenotype:0000181, WBPhenotype:0000194, WBPhenotype:0000195	I	E	1	3
CB1050	adn-2	WBGene00000077	ENSG000000402	No	WBPhenotype:0000194, WBPhenotype:0000195, WBPhenotype:0000202	F	D	6	2
CB1051	adp-1	WBGene00000078	ENSG000000403	No	WBPhenotype:0000203, WBPhenotype:0001445, WBPhenotype:0001446	S	N	3	3
CB1052	adr-1	WBGene00000079	ENSG000000405	No	WBPhenotype:0000007, WBPhenotype:0000640, WBPhenotype:0000697	N	V	3	3
CB1053	adr-2	WBGene00000080	ENSG000000406	Yes	WBPhenotype:0000028, WBPhenotype:0000061, WBPhenotype:0000062	W	D	4	3
CB1054	adt-1	WBGene00000082	ENSG000000407	No	WBPhenotype:0000070, WBPhenotype:0000342, WBPhenotype:0000430	P	N	2	1
CB1055	adt-2	WBGene00000083	ENSG000000408	No	WBPhenotype:0000062, WBPhenotype:0000229, WBPhenotype:0000583	I	G	8	3
CB1056	aex-1	WBGene00000084	ENSG000000412	No	WBPhenotype:0000650, WBPhenotype:0000651, WBPhenotype:0001793	I	Y	5	1
CB1057	aex-2	WBGene00000085	ENSG000000413	No	WBPhenotype:0000204, WBPhenotype:0000625, WBPhenotype:0000650	E	S	1	3
CB1058	aex-3	WBGene00000086	ENSG000000414	No	WBPhenotype:0000061, WBPhenotype:0000204, WBPhenotype:0000650	L	R	3	1
CB1059	aex-5	WBGene00000088	ENSG000000416	No	WBPhenotype:0000650, WBPhenotype:0000651, WBPhenotype:0001183	A	C	2	2
CB1060	aex-6	WBGene00000089	ENSG000000417	No	WBPhenotype:0000006, WBPhenotype:0000646, WBPhenotype:0000650	H	W	8	4
CB1061	age-1	WBGene00000090	ENSG000000395	No	WBPhenotype:0000012, WBPhenotype:0000016, WBPhenotype:0000039	K	C	4	4
CB1062	age-2	WBGene00000091	ENSG000000396	No	WBPhenotype:0000043, WBPhenotype:0000061, WBPhenotype:0001384	Q	S	3	2
CB1063	ags-3	WBGene00000092	ENSG000000411	No	WBPhenotype:0000062, WBPhenotype:0000688, WBPhenotype:0001452	V	G	6	2
CB1064	agt-2	WBGene00000094	ENSG000000411	No	WBPhenotype:0000062, WBPhenotype:0000031, WBPhenotype:0000049	R	M	7	4
CB1065	aha-1	WBGene00000095	ENSG000000392	No	WBPhenotype:0000054, WBPhenotype:0000055, WBPhenotype:0001331	R	R	1	1
CB1066	ahr-1	WBGene00000096	ENSG000000409	No	WBPhenotype:0000061, WBPhenotype:0000625, WBPhenotype:0001331	E	P	1	4
CB1067	air-1	WBGene00000098	ENSG000000410	No	WBPhenotype:0000050, WBPhenotype:0000052, WBPhenotype:0000062	Q	I	4	4
CB1068	air-2	WBGene00000099	ENSG000000411	No	WBPhenotype:0000050, WBPhenotype:0000062, WBPhenotype:0000436	N	V	2	1
CB1069	aka-1	WBGene00000101	ENSG000000395	No	WBPhenotype:0000062, WBPhenotype:0000241, WBPhenotype:0010004	M	F	4	2
CB1070	akt-1	WBGene00000102	ENSG000000414	No	WBPhenotype:0000061, WBPhenotype:0000119, WBPhenotype:0000128	Q	F	8	4
CB1071	akt-2	WBGene00000103	ENSG000000415	No	WBPhenotype:0000061, WBPhenotype:0000731, WBPhenotype:0001184	V	L	7	4
CB1072	ale-1	WBGene00000104	ENSG000000400	No	WBPhenotype:0000097, WBPhenotype:0000424, WBPhenotype:0000867	V	G	6	1
CB1073	alg-1	WBGene00000105	ENSG000000402	No	WBPhenotype:0000032, WBPhenotype:0000038, WBPhenotype:0000060	N	N	8	1
CB1074	alg-2	WBGene00000106	ENSG000000403	No	WBPhenotype:0000462, WBPhenotype:0001171, WBPhenotype:0001228	P	F	3	3
CB1075	alh-1	WBGene00000107	ENSG000000403	No	WBPhenotype:0000062, WBPhenotype:0000688, WBPhenotype:0000049	W	M	8	3
CB1076	alh-2	WBGene00000108	ENSG000000404	No	WBPhenotype:0000062, WBPhenotype:0000031, WBPhenotype:0000049	T	E	4	2
CB1077	alh-3	WBGene00000109	ENSG000000405	No	WBPhenotype:0000154, WBPhenotype:0001944, WBPhenotype:0000006	D	H	6	2
CB1078	alh-6	WBGene00000112	ENSG000000408	No	WBPhenotype:0002382, WBPhenotype:0000031, WBPhenotype:0000049	L	I	6	3
CB1079	alh-8	WBGene00000114	ENSG000000410	No	WBPhenotype:0000081, WBPhenotype:0000867, WBPhenotype:0000031	S	G	1	2
CB1080	alh-12	WBGene00000118	ENSG000000453	Yes	WBPhenotype:0000062, WBPhenotype:0000049, WBPhenotype:0000749	H	V	7	1
CB1081	ali-1	WBGene00000119	ENSG000000404	No	WBPhenotype:0001228, WBPhenotype:0001412	Y	V	5	1
CB1082	aly-2	WBGene00000121	ENSG000000421	No	WBPhenotype:0001568, WBPhenotype:0000050, WBPhenotype:0000062	V	W	4	3
CB1083	aly-3	WBGene00000122	ENSG000000422	No	WBPhenotype:0000062, WBPhenotype:0000049, WBPhenotype:0000050	Y	Q	4	2
CB1084	ama-1	WBGene00000123	ENSG000000397	No	WBPhenotype:0000047, WBPhenotype:0000050, WBPhenotype:0000052	I	P	2	3
CB1085	ama-2	WBGene00000124	ENSG000000398	No	WBPhenotype:0000062, WBPhenotype:0000089, WBPhenotype:0001019	K	N	4	1
CB1086	amo-1	WBGene00000125	ENSG000000411	Yes	WBPhenotype:0000052, WBPhenotype:0000961	I	H	7	4
CB1087	amo-2	WBGene00000126	ENSG000000412	Yes	WBPhenotype:0000052, WBPhenotype:0000961	G	H	5	3
CB1088	amo-4	WBGene00000127	ENSG000000414	No	WBPhenotype:0000052, WBPhenotype:0000961	W	R	8	2
CB1089	amo-5	WBGene00000128	ENSG000000415	No	WBPhenotype:0000052, WBPhenotype:0001278	S	I	2	1
CB1090	amo-6	WBGene00000129	ENSG000000416	No	WBPhenotype:0000052, WBPhenotype:0000961	I	C	1	1
CB1091	amo-7	WBGene00000130	ENSG000000417	No	WBPhenotype:0000052, WBPhenotype:0000961	F	K	5	2
CB1092	amo-8	WBGene00000131	ENSG000000418	No	WBPhenotype:0000052, WBPhenotype:0001276	Q	R	1	3
CB1093	amo-9	WBGene00000132	ENSG000000419	No	WBPhenotype:0000052, WBPhenotype:0001276, WBPhenotype:0001278	Q	Q	5	4
CB1094	amx-1	WBGene00000137	ENSG000000420	No	WBPhenotype:0001682, WBPhenotype:0000050, WBPhenotype:0000062	F	H	8	2
CB1095	amx-2	WBGene00000138	ENSG000000421	No	WBPhenotype:0000004, WBPhenotype:0000222, WBPhenotype:0002270	E	L	8	1
CB1096	anc-1	WBGene00000140	ENSG000000400	No	WBPhenotype:0001152, WBPhenotype:0001345, WBPhenotype:0001997	E	S	6	4
CB1097	apc-11	WBGene00000145	ENSG000000451	No	WBPhenotype:0001355, WBPhenotype:0001882, WBPhenotype:0000050	G	T	1	4
CB1098	ape-1	WBGene00000146	ENSG000000404	No	WBPhenotype:0000062, WBPhenotype:0000183, WBPhenotype:0000686	T	N	7	2
CB1099	aph-1	WBGene00000147	ENSG000000407	No	WBPhenotype:0000006, WBPhenotype:0000050, WBPhenotype:0000052	T	L	8	2
CB1100	aph-2	WBGene00000148	ENSG000000408	No	WBPhenotype:0000052, WBPhenotype:0000062, WBPhenotype:0000688	E	G	3	1
CB1101	apl-1	WBGene00000149	ENSG000000411	Yes	WBPhenotype:0000006, WBPhenotype:0000035, WBPhenotype:0000050	E	E	8	1
CB1102	apm-1	WBGene00000150	ENSG000000412	No	WBPhenotype:0000057, WBPhenotype:0000062, WBPhenotype:0000679	G	C	3	3
CB1103	apn-1	WBGene00000151	ENSG000000413	No	WBPhenotype:0000062, WBPhenotype:0000050, WBPhenotype:0000031	F	K	8	1
CB1104	apo-2	WBGene00000152	ENSG000000415	Yes	WBPhenotype:0002416	R	K	6	3
CB1105	apo-3	WBGene00000153	ENSG000000416	No	WBPhenotype:0002416	Q	I	4	1
CB1106	apo-4	WBGene00000154	ENSG000000417	No	WBPhenotype:0002410, WBPhenotype:0002416	P	S	7	3
CB1107	app-1	WBGene00000155	ENSG000000415	No	WBPhenotype:0000062, WBPhenotype:0000031, WBPhenotype:0000049	N	Y	1	2
CB1108	apr-1	WBGene00000156	ENSG000000417	No	WBPhenotype:0000050, WBPhenotype:0000189, WBPhenotype:0000409	T	A	1	2
CB1109	aps-2	WBGene00000157	ENSG000000419	No	WBPhenotype:0000030, WBPhenotype:0000062, WBPhenotype:0000688	M	Y	3	4
CB1110	apg-1	WBGene00000158	ENSG000000406	No	WBPhenotype:0000062, WBPhenotype:0000117, WBPhenotype:0000688	D	Q	1	3
CB1111	aps-1	WBGene00000159	ENSG000000418	No	WBPhenotype:0000062, WBPhenotype:0000117, WBPhenotype:0000688	S	D	8	4
CB1112	apb-1	WBGene00000160	ENSG000000401	No	WBPhenotype:0000022, WBPhenotype:0000062, WBPhenotype:0000542	C	C	7	3
CB1113	apa-2	WBGene00000161	ENSG000000401	Yes	WBPhenotype:0000006, WBPhenotype:0000062, WBPhenotype:0000120	Y	G	2	1
CB1114	apb-3	WBGene00000163	ENSG000000403	No	WBPhenotype:0000364, WBPhenotype:0000384, WBPhenotype:0000706	I	L	7	4
CB1115	apm-3	WBGene00000164	ENSG000000414	No	WBPhenotype:0000364, WBPhenotype:0000706, WBPhenotype:0000026	R	S	7	1
CB1116	apt-9	WBGene00000166	ENSG000000427	Yes	WBPhenotype:0000062, WBPhenotype:0002535, WBPhenotype:0000031	N	G	5	4
CB1117	apx-1	WBGene00000168	ENSG000000423	No	WBPhenotype:0000052, WBPhenotype:0000062, WBPhenotype:0000097	E	Q	4	1
CB1118	aqp-1	WBGene00000169	ENSG000000416	No	WBPhenotype:0000306, WBPhenotype:0001171, WBPhenotype:0000062	D	C	7	1
CB1119	aqp-2	WBGene00000170	ENSG000000417	No	WBPhenotype:0000039, WBPhenotype:0000145, WBPhenotype:0000518	M	I	2	3
CB1120	aqp-3	WBGene00000171	ENSG000000418	No	WBPhenotype:0000039, WBPhenotype:0000062, WBPhenotype:0000145	F	R	5	1
CB1121	aqp-4	WBGene00000172	ENSG000000419	No	WBPhenotype:0000039, WBPhenotype:0000062, WBPhenotype:0000145	A	I	4	2
CB1122	aqp-6	WBGene00000174	ENSG000000421	No	WBPhenotype:0000062, WBPhenotype:0000031, WBPhenotype:0000049	W	F	8	3
CB1123	aqp-7	WBGene00000175	ENSG000000422	No	WBPhenotype:0000062, WBPhenotype:0000637, WBPhenotype:0000031	Y	P	6	1
CB1124	aqp-8	WBGene00000176	ENSG000000423	No	WBPhenotype:0000876, WBPhenotype:0000039, WBPhenotype:0000062	Q	C	5	3
CB1125	aqp-10	WBGene00000178	ENSG000000464	No	WBPhenotype:0000062, WBPhenotype:0000031, WBPhenotype:0000049	W	H	4	4
CB1126	arf-1	WBGene00000182	ENSG000000407	No	WBPhenotype:0000216, WBPhenotype:0000266, WBPhenotype:0000679	T	D	1	1
CB1127	arf-5	WBGene00000183	ENSG000000411	No	WBPhenotype:0000054, WBPhenotype:0000062, WBPhenotype:0000315	V	H	4	2
CB1128	arf-6	WBGene00000184	ENSG000000412	No	WBPhenotype:0000031, WBPhenotype:0000062, WBPhenotype:0000216	N	E	2	3
CB1129	arg-1	WBGene00000185	ENSG000000408	No	WBPhenotype:0000062, WBPhenotype:0000031, WBPhenotype:0000049	A	F	8	2
CB1130	ark-1	WBGene00000186	ENSG000000412	No	WBPhenotype:0000414, WBPhenotype:0000699, WBPhenotype:0000029	A	A	4	3
CB1131	arl-1	WBGene00000187	ENSG000000413	No	WBPhenotype:0000062, WBPhenotype:0000688, WBPhenotype:0000050	A	R	1	2
CB1132	arl-3	WBGene00000188	ENSG000000415	No	WBPhenotype:0000649, WBPhenotype:0000853, WBPhenotype:0000062	T	A	8	1
CB1133	warf-1	WBGene00000190	ENSG000000526	No	WBPhenotype:0000436, WBPhenotype:0000031, WBPhenotype:0000049	A	R	8	1
CB1134	arl-8	WBGene00000192	ENSG000000420	No	WBPhenotype:0000050, WBPhenotype:0000062, WBPhenotype:0000436	Y	I	6	1
CB1135	arl-6	WBGene00000193	ENSG000000418	No	WBPhenotype:0000062, WBPhenotype:0000049, WBPhenotype:0000749	A	P	8	3
CB1136	arr-1	WBGene00000195	ENSG000000419	No	WBPhenotype:0000061, WBPhenotype:0000136, WBPhenotype:0001013	T	Q	8	3
CB1137	aars-2	WBGene00000197	ENSG000000518	No	WBPhenotype:0000062, WBPhenotype:0000116, WBPhenotype:0000031	G	E	1	4
CB1138	arx-2	WBGene00000200	ENSG000000426	No	WBPhenotype:0000047, WBPhenotype:0000050, WBPhenotype:0000031	A	V	8	2
CB1139	arx-3	WBGene00000201	ENSG000000427	No	WBPhenotype:0000062, WBPhenotype:0000688, WBPhenotype:0000050	Y	K	5	2
CB1140	exos-4.2	WBGene00000202	ENSG000000640	No	WBPhenotype:0000062, WBPhenotype:0000688, WBPhenotype:0000050	Q	E	1	3
CB1141	asb-1	WBGene00000206	ENSG000000404	No	WBPhenotype:0000062, WBPhenotype:0000688, WBPhenotype:0000812	A	V	6	4
CB1142	asb-2	WBGene00000207	ENSG000000405	No	WBPhenotype:0000062, WBPhenotype:0000688, WBPhenotype:0000059	W	T	5	1
CB1143	trip-4	WBGene00000208	ENSG000000544	No	WBPhenotype:0000062, WBPhenotype:0000031, WBPhenotype:0000049	E	F	2	4
CB1144	asg-1	WBGene00000209	ENSG000000409	No	WBPhenotype:0000062, WBPhenotype:0000688, WBPhenotype:0000031	W	C	7	2
CB1145	asg-2	WBGene00000210	ENSG000000410	No	WBPhenotype:0000031, WBPhenotype:0001401, WBPhenotype:0001621	L	R	2	4
CB1146	asm-1	WBGene00000211	ENSG000000415	No	WBPhenotype:0000062, WBPhenotype:0002541, WBPhenotype:0000050	K	F	3	2
CB1147	asm-2	WBGene00000212	ENSG000000416	No	WBPhenotype:0000062, WBPhenotype:0002541, WBPhenotype:0000050	K	S	1	3
CB1148	asm-3	WBGene00000213	ENSG000000417	No	WBPhenotype:0000062, WBPhenotype:0002541, WBPhenotype:0000031	K	T	5	3
CB1149	asp-1	WBGene00000214	ENSG000000418	No	WBPhenotype:0000324, WBPhenotype:0000547, WBPhenotype:0000673	Q	W	1	4
CB1150	asp-3	WBGene00000216	ENSG000000420	No	WBPhenotype:0002606, WBPhenotype:0000062, WBPhenotype:0002617	S	R	3	1
CB1151	asp-4	WBGene00000217	ENSG000000421	No	WBPhenotype:0002606, WBPhenotype:0000031, WBPhenotype:0000049	C	G	8	2
CB1152	asp-6	WBGene00000219	ENSG000000423	No	WBPhenotype:0000738, WBPhenotype:0000062, WBPhenotype:0000031	F	M	5	1
CB1153	atf-2	WBGene00000220	ENSG000000410	No	WBPhenotype:0000135, WBPhenotype:0000062, WBPhenotype:0000593	C	T	4	4
CB1154	atf-4	WBGene00000221	ENSG000000412	No	WBPhenotype:0000062, WBPhenotype:0000050, WBPhenotype:0000535	T	W	8	1
CB1155	atf-6	WBGene00000222	ENSG000000414	No	WBPhenotype:0000136, WBPhenotype:0000137, WBPhenotype:0000273	D	I	4	4
CB1156	atf-7	WBGene00000223	ENSG000000415	No	WBPhenotype:0000062, WBPhenotype:0000182, WBPhenotype:0000688	W	S	4	1
CB1157	atgp-1	WBGene00000224	ENSG000000522	No	WBPhenotype:0000062, WBPhenotype:0000031, WBPhenotype:0000049	G	M	6	2
CB1158	atl-1	WBGene00000226	ENSG000000415	Yes	WBPhenotype:0000010, WBPhenotype:0000052, WBPhenotype:0000061	I	V	8	2
CB1159	atm-1	WBGene00000227	ENSG000000416	No	WBPhenotype:0000688, WBPhenotype:0000729, WBPhenotype:0000736	D	E	7	4
CB1160	atn-1	WBGene00000228	ENSG000000417	No	WBPhenotype:0000424, WBPhenotype:0000603, WBPhenotype:0002587	E	R	5	4
CB1161	atp-2	WBGene00000229	ENSG000000420	No	WBPhenotype:0000050, WBPhenotype:0000083, WBPhenotype:0000523	D	Y	5	2
CB1162	atx-2	WBGene00000231	ENSG000000428	No	WBPhenotype:0000062, WBPhenotype:0000688, WBPhenotype:0000050	F	M	1	4
CB1163	avr-14	WBGene00000232	ENSG000000475	No	WBPhenotype:0000646, WBPhenotype:0001444, WBPhenotype:0001453	A	R	8	2
CB1164	avr-15	WBGene00000233	ENSG000000476	No	WBPhenotype:0000547, WBPhenotype:0000658, WBPhenotype:0001444	W	V	3	2
CB1165	baf-1	WBGene00000235	ENSG000000391	No	WBPhenotype:0000050, WBPhenotype:0000062, WBPhenotype:0000154	N	R	1	2
CB1166	bag-1	WBGene00000236	ENSG000000392	No	WBPhenotype:0000062, WBPhenotype:0000031, WBPhenotype:0000049	C	Q	5	4
CB1167	bam-2	WBGene00000237	ENSG000000399	No	WBPhenotype:0000632, WBPhenotype:0000031, WBPhenotype:0000049	F	I	1	2
CB1168	bar-1	WBGene00000238	ENSG000000403	No	WBPhenotype:0000006, WBPhenotype:0000013, WBPhenotype:0000016	A	I	6	1
CB1169	bas-1	WBGene00000239	ENSG000000404	No	WBPhenotype:0000164, WBPhenotype:0000224, WBPhenotype:0000227	H	G	1	3
CB1170	pah-1	WBGene00000240	ENSG000000407	No	WBPhenotype:0000062, WBPhenotype:0000224, WBPhenotype:0000586	P	Q	1	4
CB1171	bbs-1	WBGene00000241	ENSG000000405	No	WBPhenotype:0000615, WBPhenotype:0001780, WBPhenotype:0002053	H	F	8	4
CB1172	bbs-2	WBGene00000242	ENSG000000406	No	WBPhenotype:0000062, WBPhenotype:0000031, WBPhenotype:0000049	R	D	7	1
CB1173	bbs-8	WBGene00000244	ENSG000000412	No	WBPhenotype:0000436, WBPhenotype:0000615, WBPhenotype:0001780	Q	N	4	2
CB1174	bcc-1	WBGene00000246	ENSG000000390	No	WBPhenotype:0000038, WBPhenotype:0000697, WBPhenotype:0000062	E	H	3	3
CB1175	bec-1	WBGene00000247	ENSG000000392	No	WBPhenotype:0000059, WBPhenotype:0000060, WBPhenotype:0000062	M	C	7	2
CB1176	ben-1	WBGene00000248	ENSG000000403	No	WBPhenotype:0000011, WBPhenotype:0001854, WBPhenotype:0000062	G	F	6	4
CB1177	bli-1	WBGene00000251	ENSG000000405	No	WBPhenotype:0000025, WBPhenotype:0000070, WBPhenotype:0000961	W	K	3	4
CB1178	bli-2	WBGene00000252	ENSG000000406	No	WBPhenotype:0000025, WBPhenotype:0000229, WBPhenotype:0000505	F	F	2	3
CB1179	bli-3	WBGene00000253	ENSG000000407	No	WBPhenotype:0000025, WBPhenotype:0000070, WBPhenotype:0000072	I	R	2	2
CB1180	bli-4	WBGene00000254	ENSG000000408	No	WBPhenotype:0000025, WBPhenotype:0000050, WBPhenotype:0000058	E	V	6	2
CB1181	bli-5	WBGene00000255	ENSG000000409	No	WBPhenotype:0000025, WBPhenotype:0000070, WBPhenotype:0000229	T	F	1	2
CB1182	bli-6	WBGene00000256	ENSG000000410	No	WBPhenotype:0000025, WBPhenotype:0000050, WBPhenotype:0000535	S	K	6	4
CB1183	bmk-1	WBGene00000257	ENSG000000408	No	WBPhenotype:0001102, WBPhenotype:0000062, WBPhenotype:0000049	I	V	3	3
CB1184	bpl-1	WBGene00000259	ENSG000000412	No	WBPhenotype:0000062, WBPhenotype:0000688, WBPhenotype:0000050	N	H	2	1
CB1185	bpr-1	WBGene00000260	ENSG000000418	No	WBPhenotype:0000154, WBPhenotype:0000646, WBPhenotype:0001206	V	L	3	1
CB1186	bpr-2	WBGene00000261	ENSG000000419	No	WBPhenotype:0000154, WBPhenotype:0000545, WBPhenotype:0002584	F	D	5	4
CB1187	F23H11.5	WBGene00000263	ENSG000000440	No	WBPhenotype:0000062, WBPhenotype:0000688, WBPhenotype:0001535	G	F	6	2
CB1188	brc-1	WBGene00000264	ENSG000000405	Yes	WBPhenotype:0000183, WBPhenotype:0000711, WBPhenotype:0000742	A	Q	4	1
CB1189	brd-1	WBGene00000265	ENSG000000406	No	WBPhenotype:0000050, WBPhenotype:0000062, WBPhenotype:0001760	G	W	4	2
CB1190	bre-1	WBGene00000266	ENSG000000407	No	WBPhenotype:0000154, WBPhenotype:0000673, WBPhenotype:0001507	W	Q	7	4
CB1191	bre-2	WBGene00000267	ENSG000000408	No	WBPhenotype:0000673, WBPhenotype:0001379, WBPhenotype:0001507	R	K	8	1
CB1192	bre-3	WBGene00000268	ENSG000000409	No	WBPhenotype:0000154, WBPhenotype:0000673, WBPhenotype:0002035	I	Y	3	2
CB1193	bre-4	WBGene00000269	ENSG000000410	No	WBPhenotype:0000673, WBPhenotype:0001379, WBPhenotype:0001507	N	F	6	1
CB1194	bre-5	WBGene00000270	ENSG000000411	No	WBPhenotype:0001379, WBPhenotype:0001507, WBPhenotype:0002035	E	Y	7	3
CB1195	bro-1	WBGene00000272	ENSG000000417	No	WBPhenotype:0002211, WBPhenotype:0000062, WBPhenotype:0002535	S	D	6	4
CB1196	bub-1	WBGene00000275	ENSG000000407	No	WBPhenotype:0000016, WBPhenotype:0000059, WBPhenotype:0000062	Y	S	2	3
CB1197	byn-1	WBGene00000276	ENSG000000423	No	WBPhenotype:0000062, WBPhenotype:0000688, WBPhenotype:0000059	D	Y	3	1
CB1198	cab-1	WBGene00000277	ENSG000000388	No	WBPhenotype:0000315, WBPhenotype:0002479, WBPhenotype:0000031	T	A	8	3
CB1199	cad-1	WBGene00000278	ENSG000000390	No	WBPhenotype:0000706, WBPhenotype:0001428, WBPhenotype:0001644	H	E	2	4
CB1200	cah-3	WBGene00000281	ENSG000000396	No	WBPhenotype:0000062, WBPhenotype:0000031, WBPhenotype:0000049	M	Q	3	4
CB1201	cah-4	WBGene00000282	ENSG000000397	No	WBPhenotype:0000062, WBPhenotype:0000688, WBPhenotype:0000050	M	S	4	3
CB1202	cal-3	WBGene00000287	ENSG000000400	No	WBPhenotype:0000062, WBPhenotype:0000049, WBPhenotype:0000886	R	W	8	4
CB1203	cam-1	WBGene00000289	ENSG000000399	No	WBPhenotype:0000006, WBPhenotype:0000155, WBPhenotype:0000163	P	Q	8	3
CB1204	cam-2	WBGene00000290	ENSG000000400	No	WBPhenotype:0000006, WBPhenotype:0000163, WBPhenotype:0000230	R	C	1	4
CB1205	can-1	WBGene00000291	ENSG000000400	No	WBPhenotype:0000216, WBPhenotype:0000230, WBPhenotype:0001261	C	C	5	4
CB1206	cap-2	WBGene00000293	ENSG000000403	No	WBPhenotype:0000052, WBPhenotype:0000385, WBPhenotype:0000683	P	W	6	3
CB1207	cas-1	WBGene00000294	ENSG000000405	No	WBPhenotype:0000059, WBPhenotype:0000436, WBPhenotype:0000688	F	K	2	4
CB1208	cat-1	WBGene00000295	ENSG000000406	No	WBPhenotype:0000221, WBPhenotype:0000227, WBPhenotype:0000234	L	W	5	4
CB1209	cat-2	WBGene00000296	ENSG000000407	No	WBPhenotype:0000006, WBPhenotype:0000164, WBPhenotype:0000227	Q	Y	3	1
CB1210	cat-3	WBGene00000297	ENSG000000408	No	WBPhenotype:0000234, WBPhenotype:0001518	Q	Q	1	3
CB1211	cat-4	WBGene00000298	ENSG000000409	No	WBPhenotype:0000164, WBPhenotype:0000201, WBPhenotype:0000224	A	A	3	3
CB1212	cat-5	WBGene00000299	ENSG000000410	No	WBPhenotype:0000594, WBPhenotype:0001518	V	A	6	3
CB1213	cat-6	WBGene00000300	ENSG000000411	No	WBPhenotype:0000637, WBPhenotype:0001526, WBPhenotype:0001530	A	E	7	1
CB1214	cav-1	WBGene00000301	ENSG000000408	No	WBPhenotype:0000030, WBPhenotype:0000315, WBPhenotype:0000420	Y	S	1	2
CB1215	cav-2	WBGene00000302	ENSG000000409	No	WBPhenotype:0000026, WBPhenotype:0000154, WBPhenotype:0000338	V	Q	1	4
CB1216	cbp-1	WBGene00000366	ENSG000000403	No	WBPhenotype:0000007, WBPhenotype:0000031, WBPhenotype:0000032	W	F	7	2
CB1217	cca-1	WBGene00000367	ENSG000000389	No	WBPhenotype:0000536, WBPhenotype:0000062, WBPhenotype:0000631	N	M	4	4
CB1218	ccb-1	WBGene00000368	ENSG000000390	No	WBPhenotype:0000050, WBPhenotype:0000054, WBPhenotype:0000057	C	G	6	2
CB1219	cox-5B	WBGene00000371	ENSG000000494	Yes	WBPhenotype:0000062, WBPhenotype:0000688, WBPhenotype:0000031	T	T	2	4
CB1220	cyp-14A5	WBGene00000373	ENSG000000596	No	WBPhenotype:0000463, WBPhenotype:0000050, WBPhenotype:0000062	L	Q	6	4
CB1221	cyp-31A1	WBGene00000374	ENSG000000591	No	WBPhenotype:0000062	H	C	3	3
CB1222	cyp-44A1	WBGene00000375	ENSG000000595	No	WBPhenotype:0000315, WBPhenotype:0000031, WBPhenotype:0000049	N	Q	8	3
CB1223	ccr-4	WBGene00000376	ENSG000000409	Yes	WBPhenotype:0000062, WBPhenotype:0000688, WBPhenotype:0001225	N	A	1	4
CB1224	cct-1	WBGene00000377	ENSG000000408	No	WBPhenotype:0000104, WBPhenotype:0001278, WBPhenotype:0000886	I	A	2	1
CB1225	cct-4	WBGene00000379	ENSG000000411	Yes	WBPhenotype:0000062, WBPhenotype:0001225, WBPhenotype:0000050	P	C	6	3
CB1226	cct-6	WBGene00000381	ENSG000000413	No	WBPhenotype:0000062, WBPhenotype:0000688, WBPhenotype:0000050	L	F	3	1
CB1227	cdc-6	WBGene00000382	ENSG000000397	No	WBPhenotype:0000062, WBPhenotype:0000688, WBPhenotype:0000031	N	E	6	1
CB1228	cdc-14	WBGene00000383	ENSG000000444	No	WBPhenotype:0000345, WBPhenotype:0000358, WBPhenotype:0000699	H	E	8	3
CB1229	cdc-25.1	WBGene00000386	ENSG000000541	No	WBPhenotype:0000171, WBPhenotype:0000503, WBPhenotype:0000504	C	G	2	2
CB1230	cdc-25.2	WBGene00000387	ENSG000000542	No	WBPhenotype:0000050, WBPhenotype:0000059, WBPhenotype:0000062	R	A	4	4
CB1231	cdc-25.3	WBGene00000388	ENSG000000543	No	WBPhenotype:0001851, WBPhenotype:0000049, WBPhenotype:0000749	L	F	8	1
CB1232	cdc-25.4	WBGene00000389	ENSG000000544	No	WBPhenotype:0000062, WBPhenotype:0000688, WBPhenotype:0000031	Y	L	1	3
CB1233	cdc-42	WBGene00000390	ENSG000000445	No	WBPhenotype:0000059, WBPhenotype:0000729, WBPhenotype:0000847	Q	K	7	3
CB1234	cdd-1	WBGene00000391	ENSG000000393	No	WBPhenotype:0000062, WBPhenotype:0000049, WBPhenotype:0000886	D	Y	5	2
CB1235	cdd-2	WBGene00000392	ENSG000000394	No	WBPhenotype:0000031, WBPhenotype:0000688, WBPhenotype:0000062	I	S	7	3
CB1236	cdf-1	WBGene00000393	ENSG000000395	No	WBPhenotype:0000239, WBPhenotype:0000414, WBPhenotype:0000518	V	E	4	4
CB1237	cdh-3	WBGene00000395	ENSG000000399	No	WBPhenotype:0000073, WBPhenotype:0000062, WBPhenotype:0000104	G	F	2	4
CB1238	cdh-4	WBGene00000396	ENSG000000400	No	WBPhenotype:0000062, WBPhenotype:0000886, WBPhenotype:0001652	P	N	8	4
CB1239	cdh-5	WBGene00000397	ENSG000000401	No	WBPhenotype:0001652, WBPhenotype:0000050, WBPhenotype:0000062	A	Q	4	1
CB1240	cdh-7	WBGene00000399	ENSG000000403	No	WBPhenotype:0001652, WBPhenotype:0000031, WBPhenotype:0000049	L	R	7	3
CB1241	cdh-9	WBGene00000401	ENSG000000405	No	WBPhenotype:0000062, WBPhenotype:0000031, WBPhenotype:0000049	E	R	6	1
CB1242	cdh-10	WBGene00000402	ENSG000000445	No	WBPhenotype:0000062, WBPhenotype:0000031, WBPhenotype:0000049	F	S	3	4
CB1243	casy-1	WBGene00000403	ENSG000000526	No	WBPhenotype:0000203, WBPhenotype:0000436, WBPhenotype:0000632	P	E	8	4
CB1244	cdk-1	WBGene00000405	ENSG000000400	No	WBPhenotype:0000315, WBPhenotype:0000775, WBPhenotype:0000822	M	F	3	4
CB1245	cdk-4	WBGene00000406	ENSG000000403	No	WBPhenotype:0000062, WBPhenotype:0000688, WBPhenotype:0000054	Q	P	4	1
CB1246	cdk-5	WBGene00000407	ENSG000000404	No	WBPhenotype:0000017, WBPhenotype:0000679, WBPhenotype:0001221	A	G	2	2
CB1247	cdk-7	WBGene00000408	ENSG000000406	No	WBPhenotype:0000062, WBPhenotype:0000050, WBPhenotype:0000535	I	N	7	2
CB1248	cdk-8	WBGene00000409	ENSG000000407	No	WBPhenotype:0000154, WBPhenotype:0000324, WBPhenotype:0000583	K	C	2	2
CB1249	cdk-9	WBGene00000410	ENSG000000408	No	WBPhenotype:0000062, WBPhenotype:0000688, WBPhenotype:0000050	M	M	4	1
CB1250	cdl-1	WBGene00000411	ENSG000000401	No	WBPhenotype:0000050, WBPhenotype:0000062, WBPhenotype:0000241	C	S	4	1
CB1251	cdr-1	WBGene00000412	ENSG000000407	No	WBPhenotype:0000007, WBPhenotype:0000357, WBPhenotype:0001274	V	V	7	4
CB1252	ced-1	WBGene00000415	ENSG000000394	No	WBPhenotype:0000134, WBPhenotype:0000241, WBPhenotype:0000243	D	W	4	4
CB1253	ced-2	WBGene00000416	ENSG000000395	No	WBPhenotype:0000241, WBPhenotype:0000243, WBPhenotype:0000301	W	P	6	4
CB1254	ced-3	WBGene00000417	ENSG000000396	No	WBPhenotype:0000182, WBPhenotype:0000184, WBPhenotype:0000216	K	D	3	2
CB1255	ced-4	WBGene00000418	ENSG000000397	No	WBPhenotype:0000154, WBPhenotype:0000182, WBPhenotype:0000184	W	C	3	3
CB1256	ced-5	WBGene00000419	ENSG000000398	No	WBPhenotype:0000188, WBPhenotype:0000195, WBPhenotype:0000241	I	P	7	1
CB1257	ced-6	WBGene00000420	ENSG000000399	No	WBPhenotype:0000016, WBPhenotype:0000243, WBPhenotype:0000420	Q	V	1	4
CB1258	ced-7	WBGene00000421	ENSG000000400	No	WBPhenotype:0000241, WBPhenotype:0000243, WBPhenotype:0000885	I	Q	1	3
CB1259	ced-8	WBGene00000422	ENSG000000401	No	WBPhenotype:0000243, WBPhenotype:0000885, WBPhenotype:0001172	D	C	3	4
CB1260	ced-9	WBGene00000423	ENSG000000402	No	WBPhenotype:0000006, WBPhenotype:0000052, WBPhenotype:0000061	G	T	8	1
CB1261	ced-10	WBGene00000424	ENSG000000442	No	WBPhenotype:0000016, WBPhenotype:0000062, WBPhenotype:0000104	K	C	7	3
CB1262	ced-11	WBGene00000425	ENSG000000443	No	WBPhenotype:0000730, WBPhenotype:0001172, WBPhenotype:0000062	M	D	5	4
CB1263	ced-12	WBGene00000426	ENSG000000444	No	WBPhenotype:0000050, WBPhenotype:0000154, WBPhenotype:0000188	R	C	1	1
CB1264	ced-13	WBGene00000427	ENSG000000445	No	WBPhenotype:0001620, WBPhenotype:0001621, WBPhenotype:0001756	W	Q	7	1
CB1265	ceh-1	WBGene00000428	ENSG000000398	No	WBPhenotype:0000134, WBPhenotype:0000135, WBPhenotype:0000062	W	S	4	2
CB1266	ceh-2	WBGene00000429	ENSG000000399	No	WBPhenotype:0000154, WBPhenotype:0000442, WBPhenotype:0000547	D	C	5	4
CB1267	ceh-5	WBGene00000430	ENSG000000402	No	WBPhenotype:0000062, WBPhenotype:0000643, WBPhenotype:0000688	C	D	8	2
CB1268	ceh-6	WBGene00000431	ENSG000000403	Yes	WBPhenotype:0000062, WBPhenotype:0000082, WBPhenotype:0000347	E	W	5	1
CB1269	ceh-7	WBGene00000432	ENSG000000404	No	WBPhenotype:0000062, WBPhenotype:0000031, WBPhenotype:0000049	S	H	2	3
CB1270	ceh-8	WBGene00000433	ENSG000000405	Yes	WBPhenotype:0000062, WBPhenotype:0000031, WBPhenotype:0000049	G	K	1	3
CB1271	ceh-9	WBGene00000434	ENSG000000406	No	WBPhenotype:0000062	G	V	4	4
CB1272	ceh-10	WBGene00000435	ENSG000000446	No	WBPhenotype:0000006, WBPhenotype:0000054, WBPhenotype:0000062	N	R	7	4
CB1273	ceh-12	WBGene00000436	ENSG000000448	No	WBPhenotype:0000062, WBPhenotype:0000643, WBPhenotype:0001206	I	L	6	4
CB1274	ceh-13	WBGene00000437	ENSG000000449	No	WBPhenotype:0000062, WBPhenotype:0000216, WBPhenotype:0000242	H	W	5	3
CB1275	ceh-14	WBGene00000438	ENSG000000450	No	WBPhenotype:0000572, WBPhenotype:0001224, WBPhenotype:0001278	M	I	6	1
CB1276	ceh-16	WBGene00000439	ENSG000000452	No	WBPhenotype:0000062, WBPhenotype:0000688, WBPhenotype:0001923	R	L	8	2
CB1277	ceh-17	WBGene00000440	ENSG000000453	No	WBPhenotype:0000134, WBPhenotype:0000135, WBPhenotype:0000795	D	S	7	1
CB1278	ceh-18	WBGene00000441	ENSG000000454	No	WBPhenotype:0000054, WBPhenotype:0000186, WBPhenotype:0000187	E	E	4	4
CB1279	ceh-19	WBGene00000442	ENSG000000455	No	WBPhenotype:0000019, WBPhenotype:0002056, WBPhenotype:0000062	W	K	6	2
CB1280	ceh-20	WBGene00000443	ENSG000000447	No	WBPhenotype:0000006, WBPhenotype:0000031, WBPhenotype:0000054	F	C	3	4
CB1281	ceh-21	WBGene00000444	ENSG000000448	No	WBPhenotype:0000050, WBPhenotype:0000054, WBPhenotype:0000062	F	L	2	1
CB1282	ceh-22	WBGene00000445	ENSG000000449	No	WBPhenotype:0000055, WBPhenotype:0000059, WBPhenotype:0000062	A	P	6	1
CB1283	ceh-23	WBGene00000446	ENSG000000450	No	WBPhenotype:0000520, WBPhenotype:0000643, WBPhenotype:0000905	D	S	2	4
CB1284	ceh-24	WBGene00000447	ENSG000000451	No	WBPhenotype:0000572, WBPhenotype:0000795, WBPhenotype:0002367	T	E	4	1
CB1285	pros-1	WBGene00000448	ENSG000000546	Yes	WBPhenotype:0000062, WBPhenotype:0000118, WBPhenotype:0000419	K	C	2	3
CB1286	ceh-27	WBGene00000449	ENSG000000454	No	WBPhenotype:0000062, WBPhenotype:0000688, WBPhenotype:0000049	W	N	3	3
CB1287	ceh-28	WBGene00000450	ENSG000000455	No	WBPhenotype:0000031, WBPhenotype:0000062, WBPhenotype:0000688	E	Q	7	2
CB1288	ceh-30	WBGene00000451	ENSG000000448	No	WBPhenotype:0001218, WBPhenotype:0001219, WBPhenotype:0001220	C	Y	7	3
CB1289	ceh-31	WBGene00000452	ENSG000000449	Yes	WBPhenotype:0000031, WBPhenotype:0000092, WBPhenotype:0000171	R	F	5	2
CB1290	ceh-32	WBGene00000453	ENSG000000450	Yes	WBPhenotype:0000062, WBPhenotype:0000117, WBPhenotype:0000688	I	S	4	3
CB1291	ceh-33	WBGene00000454	ENSG000000451	No	WBPhenotype:0000050, WBPhenotype:0000062, WBPhenotype:0000072	G	A	4	1
CB1292	ceh-34	WBGene00000455	ENSG000000452	No	WBPhenotype:0000062, WBPhenotype:0000117, WBPhenotype:0000688	P	V	8	1
CB1293	ceh-36	WBGene00000457	ENSG000000454	Yes	WBPhenotype:0000050, WBPhenotype:0000054, WBPhenotype:0000062	A	L	5	2
CB1294	ceh-37	WBGene00000458	ENSG000000455	Yes	WBPhenotype:0000062, WBPhenotype:0000688, WBPhenotype:0000019	M	H	4	3
CB1295	ceh-38	WBGene00000459	ENSG000000456	No	WBPhenotype:0000062, WBPhenotype:0000134, WBPhenotype:0000688	R	S	6	2
CB1296	ceh-39	WBGene00000460	ENSG000000457	No	WBPhenotype:0000134, WBPhenotype:0000135, WBPhenotype:0000136	N	N	8	4
CB1297	ceh-40	WBGene00000461	ENSG000000449	No	WBPhenotype:0000050, WBPhenotype:0000062, WBPhenotype:0001225	R	E	6	2
CB1298	ceh-41	WBGene00000462	ENSG000000450	Yes	WBPhenotype:0000062, WBPhenotype:0000031, WBPhenotype:0000049	A	R	3	1
CB1299	ceh-43	WBGene00000463	ENSG000000452	Yes	WBPhenotype:0000062, WBPhenotype:0000688, WBPhenotype:0000864	K	M	3	3
CB1300	ceh-44	WBGene00000464	ENSG000000453	Yes	WBPhenotype:0000062, WBPhenotype:0000306, WBPhenotype:0000663	F	D	6	3
CB1301	cep-1	WBGene00000467	ENSG000000406	No	WBPhenotype:0000044, WBPhenotype:0000050, WBPhenotype:0000057	N	A	4	3
CB1302	ces-1	WBGene00000468	ENSG000000409	No	WBPhenotype:0000184, WBPhenotype:0000266, WBPhenotype:0001172	W	C	2	2
CB1303	ces-2	WBGene00000469	ENSG000000410	No	WBPhenotype:0000184, WBPhenotype:0000266, WBPhenotype:0001172	E	H	5	1
CB1304	cey-1	WBGene00000472	ENSG000000415	No	WBPhenotype:0000886, WBPhenotype:0000031, WBPhenotype:0000049	A	E	8	4
CB1305	cey-2	WBGene00000473	ENSG000000416	No	WBPhenotype:0000519, WBPhenotype:0000886, WBPhenotype:0000961	L	C	1	2
CB1306	cey-3	WBGene00000474	ENSG000000417	No	WBPhenotype:0000062, WBPhenotype:0000031, WBPhenotype:0000049	N	V	7	4
CB1307	cey-4	WBGene00000475	ENSG000000418	No	WBPhenotype:0000519, WBPhenotype:0000049, WBPhenotype:0000749	F	K	4	2
CB1308	cfi-1	WBGene00000476	ENSG000000400	No	WBPhenotype:0000354, WBPhenotype:0001276, WBPhenotype:0001510	S	V	4	4
CB1309	cft-1	WBGene00000477	ENSG000000411	No	WBPhenotype:0000062, WBPhenotype:0001208, WBPhenotype:0000031	W	I	5	4
CB1310	cfz-2	WBGene00000478	ENSG000000418	No	WBPhenotype:0000232, WBPhenotype:0000384, WBPhenotype:0000469	W	W	2	1
CB1311	cgh-1	WBGene00000479	ENSG000000400	No	WBPhenotype:0000154, WBPhenotype:0000438, WBPhenotype:0000688	P	E	3	1
CB1312	cha-1	WBGene00000481	ENSG000000394	No	WBPhenotype:0000017, WBPhenotype:0000019, WBPhenotype:0000020	N	I	7	4
CB1313	che-1	WBGene00000483	ENSG000000398	No	WBPhenotype:0000131, WBPhenotype:0000247, WBPhenotype:0000249	A	S	6	2
CB1314	che-2	WBGene00000484	ENSG000000399	No	WBPhenotype:0000013, WBPhenotype:0000229, WBPhenotype:0000247	M	E	2	2
CB1315	che-3	WBGene00000485	ENSG000000400	No	WBPhenotype:0000013, WBPhenotype:0000150, WBPhenotype:0000228	H	R	4	3
CB1316	che-6	WBGene00000487	ENSG000000403	No	WBPhenotype:0000127, WBPhenotype:0000247, WBPhenotype:0000254	E	F	1	2
CB1317	che-7	WBGene00000488	ENSG000000404	No	WBPhenotype:0000229, WBPhenotype:0000247, WBPhenotype:0000254	E	Q	6	1
CB1318	che-11	WBGene00000490	ENSG000000447	No	WBPhenotype:0000013, WBPhenotype:0000249, WBPhenotype:0000505	N	D	7	3
CB1319	che-12	WBGene00000491	ENSG000000448	No	WBPhenotype:0000131, WBPhenotype:0000132, WBPhenotype:0000249	T	H	6	1
CB1320	che-13	WBGene00000492	ENSG000000449	No	WBPhenotype:0000013, WBPhenotype:0000249, WBPhenotype:0000263	M	A	1	1
CB1321	che-14	WBGene00000493	ENSG000000450	No	WBPhenotype:0000257, WBPhenotype:0000299, WBPhenotype:0000505	L	P	7	1
CB1322	che-15	WBGene00000494	ENSG000000451	Yes	WBPhenotype:0001434	I	T	5	1
CB1323	che-16	WBGene00000495	ENSG000000452	No	WBPhenotype:0000254, WBPhenotype:0000264, WBPhenotype:0001048	L	L	1	1
CB1324	chs-2	WBGene00000497	ENSG000000413	No	WBPhenotype:0000062, WBPhenotype:0000688, WBPhenotype:0000689	G	D	4	3
CB1325	chk-1	WBGene00000498	ENSG000000404	No	WBPhenotype:0000062, WBPhenotype:0000116, WBPhenotype:0000643	T	H	1	1
CB1326	chk-2	WBGene00000499	ENSG000000405	No	WBPhenotype:0001755, WBPhenotype:0001756, WBPhenotype:0001037	M	Y	8	4
CB1327	chn-1	WBGene00000500	ENSG000000407	No	WBPhenotype:0000062, WBPhenotype:0000081, WBPhenotype:0000273	W	I	1	3
CB1328	cho-1	WBGene00000501	ENSG000000408	No	WBPhenotype:0000017, WBPhenotype:0000273, WBPhenotype:0001183	I	P	5	3
CB1329	chp-1	WBGene00000502	ENSG000000409	No	WBPhenotype:0000062, WBPhenotype:0000688, WBPhenotype:0000050	M	P	1	1
CB1330	cib-1	WBGene00000504	ENSG000000396	No	WBPhenotype:0000052	M	A	1	2
CB1331	cic-1	WBGene00000506	ENSG000000397	No	WBPhenotype:0000062, WBPhenotype:0000049, WBPhenotype:0000749	W	W	2	1
CB1332	cka-1	WBGene00000509	ENSG000000397	No	WBPhenotype:0000062, WBPhenotype:0000031, WBPhenotype:0000049	Y	F	3	3
CB1333	cka-2	WBGene00000510	ENSG000000398	No	WBPhenotype:0000062, WBPhenotype:0000315, WBPhenotype:0000031	L	A	6	3
CB1334	ckb-1	WBGene00000511	ENSG000000398	No	WBPhenotype:0000062, WBPhenotype:0000049, WBPhenotype:0000749	S	F	3	4
CB1335	ckb-2	WBGene00000512	ENSG000000399	No	WBPhenotype:0000062, WBPhenotype:0000049, WBPhenotype:0000749	M	G	6	2
CB1336	ckb-4	WBGene00000514	ENSG000000401	No	WBPhenotype:0000062, WBPhenotype:0000031, WBPhenotype:0000049	I	T	5	2
CB1337	cki-1	WBGene00000516	ENSG000000405	No	WBPhenotype:0000050, WBPhenotype:0000134, WBPhenotype:0000358	K	H	8	4
CB1338	cki-2	WBGene00000517	ENSG000000406	No	WBPhenotype:0000006, WBPhenotype:0000134, WBPhenotype:0000154	Y	T	5	4
CB1339	ckk-1	WBGene00000518	ENSG000000407	No	WBPhenotype:0000677, WBPhenotype:0000679, WBPhenotype:0000062	F	T	8	4
CB1340	cku-70	WBGene00000519	ENSG000000471	No	WBPhenotype:0000062, WBPhenotype:0000973, WBPhenotype:0000049	F	D	3	1
CB1341	cku-80	WBGene00000520	ENSG000000472	Yes	WBPhenotype:0001921, WBPhenotype:0000062, WBPhenotype:0000886	L	Y	7	3
CB1342	clc-3	WBGene00000524	ENSG000000402	No	WBPhenotype:0000062, WBPhenotype:0000031, WBPhenotype:0000049	L	D	8	2
CB1343	clc-4	WBGene00000525	ENSG000000403	No	WBPhenotype:0000062, WBPhenotype:0000031, WBPhenotype:0000049	I	W	4	2
CB1344	cle-1	WBGene00000527	ENSG000000402	No	WBPhenotype:0002647, WBPhenotype:0000062, WBPhenotype:0001652	L	A	5	4
CB1345	clh-1	WBGene00000528	ENSG000000405	No	WBPhenotype:0000041, WBPhenotype:0000280, WBPhenotype:0000542	I	D	6	1
CB1346	clh-2	WBGene00000529	ENSG000000406	No	WBPhenotype:0000062, WBPhenotype:0000688, WBPhenotype:0000849	K	V	1	1
CB1347	clh-3	WBGene00000530	ENSG000000407	No	WBPhenotype:0001315, WBPhenotype:0000062, WBPhenotype:0000849	A	L	7	3
CB1348	clh-5	WBGene00000532	ENSG000000409	No	WBPhenotype:0000062, WBPhenotype:0000540, WBPhenotype:0000688	C	H	8	1
CB1349	clh-6	WBGene00000533	ENSG000000410	No	WBPhenotype:0000062, WBPhenotype:0000481, WBPhenotype:0000531	P	G	5	4
CB1350	cpi-1	WBGene00000535	ENSG000000410	No	WBPhenotype:0000519, WBPhenotype:0000031, WBPhenotype:0000049	H	W	3	4
CB1351	clk-1	WBGene00000536	ENSG000000408	No	WBPhenotype:0000031, WBPhenotype:0000039, WBPhenotype:0000042	R	R	4	1
CB1352	clk-2	WBGene00000537	ENSG000000409	No	WBPhenotype:0000043, WBPhenotype:0000050, WBPhenotype:0000062	N	F	4	2
CB1353	clk-3	WBGene00000538	ENSG000000410	Yes	WBPhenotype:0000031, WBPhenotype:0000043, WBPhenotype:0000061	E	Y	7	1
CB1354	cln-3.1	WBGene00000539	ENSG000000508	No	WBPhenotype:0000039, WBPhenotype:0000049, WBPhenotype:0000062	W	K	1	3
CB1355	clp-1	WBGene00000542	ENSG000000413	No	WBPhenotype:0002606, WBPhenotype:0000062, WBPhenotype:0000072	L	R	5	1
CB1356	clp-4	WBGene00000545	ENSG000000416	No	WBPhenotype:0000062, WBPhenotype:0000049, WBPhenotype:0000749	A	K	2	2
CB1357	clr-1	WBGene00000548	ENSG000000415	Yes	WBPhenotype:0000062, WBPhenotype:0000195, WBPhenotype:0000426	L	W	6	4
CB1358	clu-1	WBGene00000550	ENSG000000418	No	WBPhenotype:0000273, WBPhenotype:0000315, WBPhenotype:0000643	A	S	4	1
CB1359	cmk-1	WBGene00000553	ENSG000000409	No	WBPhenotype:0000146, WBPhenotype:0000478, WBPhenotype:0000637	N	E	5	3
CB1360	cnb-1	WBGene00000554	ENSG000000401	No	WBPhenotype:0000231, WBPhenotype:0000643, WBPhenotype:0000673	G	V	1	1
CB1361	cng-1	WBGene00000562	ENSG000000406	No	WBPhenotype:0000203, WBPhenotype:0001780, WBPhenotype:0001999	S	G	5	1
CB1362	cng-3	WBGene00000563	ENSG000000408	No	WBPhenotype:0000203, WBPhenotype:0000478, WBPhenotype:0001090	Q	Q	6	3
CB1363	cnt-1	WBGene00000565	ENSG000000419	No	WBPhenotype:0000182, WBPhenotype:0010003, WBPhenotype:0000062	G	L	3	2
CB1364	cnt-2	WBGene00000566	ENSG000000420	No	WBPhenotype:0000062, WBPhenotype:0000216, WBPhenotype:0000266	A	E	4	1
CB1365	cnx-1	WBGene00000567	ENSG000000423	No	WBPhenotype:0000031, WBPhenotype:0000057, WBPhenotype:0000059	V	M	8	1
CB1366	cod-1	WBGene00000568	ENSG000000404	No	WBPhenotype:0000279	F	I	4	2
CB1367	cod-2	WBGene00000569	ENSG000000405	No	WBPhenotype:0000279, WBPhenotype:0000430	S	M	5	1
CB1368	cod-3	WBGene00000570	ENSG000000406	No	WBPhenotype:0000647, WBPhenotype:0004004	C	A	5	1
CB1369	cod-4	WBGene00000571	ENSG000000407	Yes	WBPhenotype:0000154, WBPhenotype:0000279	W	H	2	2
CB1370	cod-5	WBGene00000572	ENSG000000408	Yes	WBPhenotype:0000227, WBPhenotype:0000649, WBPhenotype:0000224	H	H	2	3
CB1371	cod-6	WBGene00000573	ENSG000000409	No	WBPhenotype:0000279	V	H	3	3
CB1372	cod-7	WBGene00000574	ENSG000000410	Yes	WBPhenotype:0000279	F	S	3	4
CB1373	cod-10	WBGene00000577	ENSG000000452	No	WBPhenotype:0000279, WBPhenotype:0000888, WBPhenotype:0001297	N	C	7	3
CB1374	cod-11	WBGene00000578	ENSG000000453	No	WBPhenotype:0000227, WBPhenotype:0000281	E	N	5	1
CB1375	cod-12	WBGene00000579	ENSG000000454	No	WBPhenotype:0000649	E	G	2	2
CB1376	cod-13	WBGene00000580	ENSG000000455	No	WBPhenotype:0000649	N	H	2	1
CB1377	cod-14	WBGene00000581	ENSG000000456	No	WBPhenotype:0000649	A	N	6	2
CB1378	cod-15	WBGene00000582	ENSG000000457	No	WBPhenotype:0000649	M	G	5	4
CB1379	cof-2	WBGene00000583	ENSG000000407	No	WBPhenotype:0000062, WBPhenotype:0000688, WBPhenotype:0000031	N	V	7	3
CB1380	cog-1	WBGene00000584	ENSG000000407	No	WBPhenotype:0000006, WBPhenotype:0000154, WBPhenotype:0000239	Q	K	8	4
CB1381	cogc-2	WBGene00000585	ENSG000000507	No	WBPhenotype:0000062, WBPhenotype:0000688, WBPhenotype:0000031	P	W	1	1
CB1382	coh-1	WBGene00000591	ENSG000000408	No	WBPhenotype:0000006, WBPhenotype:0000062, WBPhenotype:0000050	N	M	4	3
CB1383	coh-3	WBGene00000592	ENSG000000410	No	WBPhenotype:0001175, WBPhenotype:0000050, WBPhenotype:0000049	Q	V	4	3
CB1384	col-8	WBGene00000597	ENSG000000419	No	WBPhenotype:0000062, WBPhenotype:0000049, WBPhenotype:0000749	F	K	8	3
CB1385	col-10	WBGene00000599	ENSG000000460	No	WBPhenotype:0000062, WBPhenotype:0000031, WBPhenotype:0000049	P	D	5	2
CB1386	col-34	WBGene00000611	ENSG000000466	Yes	WBPhenotype:0000199, WBPhenotype:0000285, WBPhenotype:0000505	P	R	1	1
CB1387	col-36	WBGene00000613	ENSG000000468	No	WBPhenotype:0000062, WBPhenotype:0000688, WBPhenotype:0000031	M	I	7	2
CB1388	col-39	WBGene00000616	ENSG000000471	No	WBPhenotype:0000062, WBPhenotype:0000031, WBPhenotype:0000049	F	E	1	2
CB1389	col-45	WBGene00000622	ENSG000000468	No	WBPhenotype:0000062, WBPhenotype:0000031, WBPhenotype:0000049	H	R	4	4
CB1390	col-51	WBGene00000628	ENSG000000465	No	WBPhenotype:0000062, WBPhenotype:0000031, WBPhenotype:0000049	M	L	7	2
CB1391	col-60	WBGene00000636	ENSG000000465	No	WBPhenotype:0000062, WBPhenotype:0000050, WBPhenotype:0000535	A	W	3	4
CB1392	col-63	WBGene00000639	ENSG000000468	Yes	WBPhenotype:0000062, WBPhenotype:0000049, WBPhenotype:0000886	E	E	3	2
CB1393	col-69	WBGene00000645	ENSG000000474	No	WBPhenotype:0000062, WBPhenotype:0000031, WBPhenotype:0000049	G	I	3	1
CB1394	col-74	WBGene00000650	ENSG000000470	No	WBPhenotype:0000062, WBPhenotype:0000688, WBPhenotype:0000050	S	T	8	2
CB1395	col-95	WBGene00000670	ENSG000000473	No	WBPhenotype:0000062	P	Y	6	1
CB1396	col-96	WBGene00000671	ENSG000000474	No	WBPhenotype:0000062	G	S	3	4
CB1397	col-99	WBGene00000674	ENSG000000477	No	WBPhenotype:0000515, WBPhenotype:0001224, WBPhenotype:0000031	T	F	4	2
CB1398	col-101	WBGene00000675	ENSG000000509	No	WBPhenotype:0000062, WBPhenotype:0000050, WBPhenotype:0000535	E	Q	4	3
CB1399	col-111	WBGene00000685	ENSG000000510	No	WBPhenotype:0000062, WBPhenotype:0000050, WBPhenotype:0000535	F	P	4	1
CB1400	col-121	WBGene00000695	ENSG000000511	Yes	WBPhenotype:0000932, WBPhenotype:0000031, WBPhenotype:0000049	E	Y	6	2
CB1401	col-147	WBGene00000720	ENSG000000519	No	WBPhenotype:0000062, WBPhenotype:0000031, WBPhenotype:0000049	Q	F	3	4
CB1402	col-150	WBGene00000723	ENSG000000513	No	WBPhenotype:0000062, WBPhenotype:0000688, WBPhenotype:0000031	E	T	8	3
CB1403	col-151	WBGene00000724	ENSG000000514	No	WBPhenotype:0000062, WBPhenotype:0000688, WBPhenotype:0000050	H	A	8	1
CB1404	col-173	WBGene00000746	ENSG000000518	No	WBPhenotype:0000062, WBPhenotype:0000031, WBPhenotype:0000049	A	C	8	1
CB1405	col-177	WBGene00000750	ENSG000000522	No	WBPhenotype:0000062, WBPhenotype:0000050, WBPhenotype:0000535	I	A	1	3
CB1406	col-181	WBGene00000754	ENSG000000517	No	WBPhenotype:0000062, WBPhenotype:0000050, WBPhenotype:0000535	G	I	2	2
CB1407	col-185	WBGene00000758	ENSG000000521	No	WBPhenotype:0000062, WBPhenotype:0000688, WBPhenotype:0000031	H	A	4	2
CB1408	coq-1	WBGene00000761	ENSG000000417	No	WBPhenotype:0000052, WBPhenotype:0000054, WBPhenotype:0000062	S	I	6	1
CB1409	coq-6	WBGene00000766	ENSG000000422	Yes	WBPhenotype:0000062, WBPhenotype:0000688, WBPhenotype:0000031	E	V	6	4
CB1410	cor-1	WBGene00000768	ENSG000000418	No	WBPhenotype:0000062, WBPhenotype:0000688, WBPhenotype:0000049	Q	G	8	4
CB1411	cpb-1	WBGene00000770	ENSG000000403	Yes	WBPhenotype:0000062, WBPhenotype:0000688, WBPhenotype:0000050	H	H	8	2
CB1412	cpb-3	WBGene00000772	ENSG000000405	No	WBPhenotype:0000050, WBPhenotype:0000154, WBPhenotype:0000183	W	Q	7	3
CB1413	cpf-1	WBGene00000773	ENSG000000407	No	WBPhenotype:0000062, WBPhenotype:0000688, WBPhenotype:0000038	Y	T	5	2
CB1414	cpin-1	WBGene00000775	ENSG000000520	No	WBPhenotype:0000062, WBPhenotype:0000031, WBPhenotype:0000049	I	H	7	2
CB1415	cpl-1	WBGene00000776	ENSG000000413	No	WBPhenotype:0001180, WBPhenotype:0002097, WBPhenotype:0000031	Q	W	6	2
CB1416	cpr-4	WBGene00000784	ENSG000000422	Yes	WBPhenotype:0000062, WBPhenotype:0000050, WBPhenotype:0000535	S	W	1	1
CB1417	cpr-6	WBGene00000786	ENSG000000424	No	WBPhenotype:0000039, WBPhenotype:0000062, WBPhenotype:0000886	H	M	8	1
CB1418	cps-6	WBGene00000787	ENSG000000425	Yes	WBPhenotype:0000182, WBPhenotype:0002201, WBPhenotype:0010003	V	H	5	2
CB1419	cpz-1	WBGene00000788	ENSG000000427	No	WBPhenotype:0000062, WBPhenotype:0000050, WBPhenotype:0000535	M	R	8	1
CB1420	cpz-2	WBGene00000789	ENSG000000428	Yes	WBPhenotype:0001765, WBPhenotype:0000031, WBPhenotype:0000049	P	M	3	3
CB1421	crb-1	WBGene00000792	ENSG000000405	No	WBPhenotype:0000062, WBPhenotype:0000688, WBPhenotype:0001652	W	R	4	2
CB1422	crh-1	WBGene00000793	ENSG000000411	No	WBPhenotype:0000478, WBPhenotype:0000997, WBPhenotype:0000999	L	S	1	4
CB1423	crn-2	WBGene00000795	ENSG000000418	Yes	WBPhenotype:0000062, WBPhenotype:0000031, WBPhenotype:0000049	E	W	4	2
CB1424	crn-3	WBGene00000796	ENSG000000419	Yes	WBPhenotype:0000059, WBPhenotype:0000050, WBPhenotype:0000062	W	T	4	4
CB1425	crn-4	WBGene00000797	ENSG000000420	No	WBPhenotype:0000062, WBPhenotype:0000031, WBPhenotype:0000049	L	G	3	3
CB1426	crn-6	WBGene00000799	ENSG000000422	No	WBPhenotype:0000062, WBPhenotype:0000049, WBPhenotype:0000749	W	R	4	2
CB1427	crt-1	WBGene00000802	ENSG000000423	No	WBPhenotype:0000154, WBPhenotype:0001485, WBPhenotype:0001620	D	P	5	4
CB1428	csb-1	WBGene00000803	ENSG000000406	No	WBPhenotype:0000019, WBPhenotype:0000275, WBPhenotype:0000050	R	Y	2	1
CB1429	csg-1	WBGene00000805	ENSG000000411	Yes	WBPhenotype:0000773, WBPhenotype:0001077, WBPhenotype:0001165	P	W	5	1
CB1430	csg-2	WBGene00000806	ENSG000000412	No	WBPhenotype:0000773, WBPhenotype:0001077, WBPhenotype:0001165	T	E	2	1
CB1431	csg-3	WBGene00000807	ENSG000000413	No	WBPhenotype:0000773, WBPhenotype:0001177	N	P	6	1
CB1432	csg-4	WBGene00000808	ENSG000000414	No	WBPhenotype:0000773, WBPhenotype:0001165	F	H	2	3
CB1433	csg-6	WBGene00000809	ENSG000000416	No	WBPhenotype:0000773, WBPhenotype:0001165, WBPhenotype:0001177	V	E	6	1
CB1434	csg-7	WBGene00000810	ENSG000000417	No	WBPhenotype:0000773, WBPhenotype:0001165, WBPhenotype:0001167	M	G	2	4
CB1435	csg-8	WBGene00000811	ENSG000000418	No	WBPhenotype:0000768, WBPhenotype:0000773, WBPhenotype:0001165	Y	P	1	2
CB1436	csk-1	WBGene00000812	ENSG000000415	No	WBPhenotype:0000054, WBPhenotype:0000062, WBPhenotype:0000688	E	Y	4	4
CB1437	csn-2	WBGene00000814	ENSG000000419	No	WBPhenotype:0000062, WBPhenotype:0000688, WBPhenotype:0000031	W	L	1	4
CB1438	csn-4	WBGene00000816	ENSG000000421	No	WBPhenotype:0000062, WBPhenotype:0000688, WBPhenotype:0000031	P	K	6	2
CB1439	csn-5	WBGene00000817	ENSG000000422	No	WBPhenotype:0000062, WBPhenotype:0000688, WBPhenotype:0000640	F	A	6	1
CB1440	csp-1	WBGene00000819	ENSG000000420	No	WBPhenotype:0000062, WBPhenotype:0000151, WBPhenotype:0000965	N	W	2	4
CB1441	csp-2	WBGene00000820	ENSG000000421	Yes	WBPhenotype:0000062, WBPhenotype:0000151, WBPhenotype:0000965	I	G	1	2
CB1442	csp-3	WBGene00000821	ENSG000000422	No	WBPhenotype:0000062, WBPhenotype:0000031, WBPhenotype:0000049	E	T	5	3
CB1443	cta-1	WBGene00000824	ENSG000000406	No	WBPhenotype:0000768	A	N	8	1
CB1444	cta-2	WBGene00000825	ENSG000000407	No	WBPhenotype:0000052, WBPhenotype:0000768, WBPhenotype:0000961	Q	E	4	4
CB1445	cta-3	WBGene00000826	ENSG000000408	No	WBPhenotype:0000768, WBPhenotype:0001177	N	T	6	2
CB1446	cta-4	WBGene00000827	ENSG000000409	No	WBPhenotype:0000768	K	L	6	3
CB1447	cta-5	WBGene00000828	ENSG000000410	No	WBPhenotype:0000768	C	Y	3	1
CB1448	ctl-1	WBGene00000830	ENSG000000417	No	WBPhenotype:0000119, WBPhenotype:0000124, WBPhenotype:0000136	I	K	3	2
CB1449	ctl-2	WBGene00000831	ENSG000000418	No	WBPhenotype:0000039, WBPhenotype:0000119, WBPhenotype:0000124	Y	W	6	2
CB1450	ctn-1	WBGene00000832	ENSG000000419	No	WBPhenotype:0000679, WBPhenotype:0004017, WBPhenotype:0000062	A	Q	7	4
CB1451	cts-1	WBGene00000833	ENSG000000424	No	WBPhenotype:0000062, WBPhenotype:0000688, WBPhenotype:0000050	D	V	3	2
CB1452	cua-1	WBGene00000834	ENSG000000407	No	WBPhenotype:0000050, WBPhenotype:0000049, WBPhenotype:0000749	W	Y	2	2
CB1453	cuc-1	WBGene00000835	ENSG000000409	No	WBPhenotype:0000062, WBPhenotype:0000031, WBPhenotype:0000049	E	I	6	3
CB1454	cul-1	WBGene00000836	ENSG000000418	No	WBPhenotype:0000062, WBPhenotype:0000358, WBPhenotype:0000688	T	M	2	1
CB1455	cul-2	WBGene00000837	ENSG000000419	No	WBPhenotype:0000119, WBPhenotype:0001011, WBPhenotype:0001165	I	T	3	4
CB1456	cul-4	WBGene00000839	ENSG000000421	No	WBPhenotype:0000062, WBPhenotype:0000688, WBPhenotype:0000031	F	V	4	1
CB1457	cul-5	WBGene00000840	ENSG000000422	No	WBPhenotype:0000210, WBPhenotype:0000643, WBPhenotype:0000651	Q	D	6	1
CB1458	cul-6	WBGene00000841	ENSG000000423	Yes	WBPhenotype:0001090, WBPhenotype:0000031, WBPhenotype:0000049	P	L	5	3
CB1459	cup-1	WBGene00000842	ENSG000000422	No	WBPhenotype:0001426, WBPhenotype:0001762, WBPhenotype:0001763	A	K	2	1
CB1460	cup-2	WBGene00000843	ENSG000000423	No	WBPhenotype:0000062, WBPhenotype:0000688, WBPhenotype:0001426	T	I	1	1
CB1461	cup-3	WBGene00000844	ENSG000000424	No	WBPhenotype:0001426, WBPhenotype:0001762, WBPhenotype:0000643	N	R	7	3
CB1462	cup-4	WBGene00000845	ENSG000000425	No	WBPhenotype:0000061, WBPhenotype:0001426, WBPhenotype:0001837	L	H	6	1
CB1463	cup-5	WBGene00000846	ENSG000000426	No	WBPhenotype:0000052, WBPhenotype:0000081, WBPhenotype:0000241	E	P	8	1
CB1464	cup-8	WBGene00000848	ENSG000000429	No	WBPhenotype:0000911, WBPhenotype:0001426, WBPhenotype:0000643	S	V	6	4
CB1465	cup-9	WBGene00000849	ENSG000000430	Yes	WBPhenotype:0001426, WBPhenotype:0000643	N	M	2	3
CB1466	cup-11	WBGene00000850	ENSG000000471	Yes	WBPhenotype:0001426, WBPhenotype:0000643	P	K	5	1
CB1467	cut-1	WBGene00000851	ENSG000000426	No	WBPhenotype:0000062, WBPhenotype:0000031, WBPhenotype:0000049	L	H	4	3
CB1468	akap-17A	WBGene00000854	ENSG000000627	No	WBPhenotype:0000062, WBPhenotype:0000688, WBPhenotype:0000050	H	G	7	4
CB1469	cwn-1	WBGene00000857	ENSG000000422	No	WBPhenotype:0000050, WBPhenotype:0000219, WBPhenotype:0000239	V	L	5	1
CB1470	cwn-2	WBGene00000858	ENSG000000423	No	WBPhenotype:0000071, WBPhenotype:0000232, WBPhenotype:0000384	I	E	3	2
CB1471	cwp-2	WBGene00000860	ENSG000000425	No	WBPhenotype:0000520, WBPhenotype:0004030, WBPhenotype:0000031	T	E	8	3
CB1472	cwp-3	WBGene00000861	ENSG000000426	No	WBPhenotype:0000520, WBPhenotype:0004030, WBPhenotype:0000031	P	Y	6	4
CB1473	cwp-4	WBGene00000862	ENSG000000427	Yes	WBPhenotype:0000062, WBPhenotype:0000070, WBPhenotype:0000520	W	W	4	3
CB1474	cya-1	WBGene00000863	ENSG000000411	No	WBPhenotype:0000062, WBPhenotype:0000072, WBPhenotype:0000643	Q	Q	7	1
CB1475	cyb-2.1	WBGene00000866	ENSG000000508	No	WBPhenotype:0000062, WBPhenotype:0000688, WBPhenotype:0000699	R	P	2	1
CB1476	cyb-2.2	WBGene00000867	ENSG000000509	No	WBPhenotype:0000062, WBPhenotype:0000643, WBPhenotype:0000688	R	L	3	4
CB1477	cyd-1	WBGene00000870	ENSG000000414	No	WBPhenotype:0000306, WBPhenotype:0000318, WBPhenotype:0000399	N	G	6	1
CB1478	cye-1	WBGene00000871	ENSG000000415	No	WBPhenotype:0000062, WBPhenotype:0000166, WBPhenotype:0000218	G	E	6	2
CB1479	cyk-1	WBGene00000872	ENSG000000421	No	WBPhenotype:0000062, WBPhenotype:0000087, WBPhenotype:0000395	N	E	7	2
CB1480	cyk-3	WBGene00000874	ENSG000000423	No	WBPhenotype:0001018, WBPhenotype:0001129, WBPhenotype:0001177	F	D	5	4
CB1481	cyk-4	WBGene00000875	ENSG000000424	No	WBPhenotype:0000679, WBPhenotype:0000759, WBPhenotype:0001018	E	M	3	2
CB1482	cyl-1	WBGene00000876	ENSG000000422	No	WBPhenotype:0000062, WBPhenotype:0000031, WBPhenotype:0000050	C	V	7	1
CB1483	cyn-1	WBGene00000877	ENSG000000424	No	WBPhenotype:0002606, WBPhenotype:0000062, WBPhenotype:0000886	C	N	1	1
CB1484	cyn-3	WBGene00000879	ENSG000000426	No	WBPhenotype:0000062, WBPhenotype:0000031, WBPhenotype:0000049	W	Q	2	3
CB1485	cyn-4	WBGene00000880	ENSG000000427	No	WBPhenotype:0000052, WBPhenotype:0000385, WBPhenotype:0000683	V	L	1	2
CB1486	cyn-6	WBGene00000882	ENSG000000429	No	WBPhenotype:0000062, WBPhenotype:0000049, WBPhenotype:0000749	Q	T	7	1
CB1487	cyn-8	WBGene00000884	ENSG000000431	No	WBPhenotype:0000062, WBPhenotype:0000049, WBPhenotype:0000050	I	F	5	1
CB1488	cyn-10	WBGene00000886	ENSG000000472	No	WBPhenotype:0000062, WBPhenotype:0000050, WBPhenotype:0000535	Q	T	5	4
CB1489	cyn-11	WBGene00000887	ENSG000000473	No	WBPhenotype:0000062, WBPhenotype:0000031, WBPhenotype:0000049	H	A	5	3
CB1490	sig-7	WBGene00000890	ENSG000000423	No	WBPhenotype:0000688, WBPhenotype:0000050, WBPhenotype:0000059	N	W	8	4
CB1491	cyn-15	WBGene00000891	ENSG000000477	No	WBPhenotype:0000031, WBPhenotype:0000062, WBPhenotype:0000154	A	M	7	2
CB1492	cyn-17	WBGene00000893	ENSG000000479	No	WBPhenotype:0000062, WBPhenotype:0000031, WBPhenotype:0000049	Q	L	3	4
CB1493	dab-1	WBGene00000894	ENSG000000389	No	WBPhenotype:0000105, WBPhenotype:0000106, WBPhenotype:0000313	K	W	2	3
CB1494	dac-1	WBGene00000895	ENSG000000390	No	WBPhenotype:0000062, WBPhenotype:0000095, WBPhenotype:0000618	S	P	1	4
CB1495	daf-1	WBGene00000897	ENSG000000393	No	WBPhenotype:0000006, WBPhenotype:0000007, WBPhenotype:0000012	Y	A	3	1
CB1496	daf-2	WBGene00000898	ENSG000000394	No	WBPhenotype:0000011, WBPhenotype:0000012, WBPhenotype:0000013	F	N	2	2
CB1497	daf-3	WBGene00000899	ENSG000000395	No	WBPhenotype:0000013, WBPhenotype:0000061, WBPhenotype:0000135	M	M	6	2
CB1498	daf-4	WBGene00000900	ENSG000000396	No	WBPhenotype:0000006, WBPhenotype:0000007, WBPhenotype:0000012	S	P	8	1
CB1499	daf-5	WBGene00000901	ENSG000000397	No	WBPhenotype:0000013, WBPhenotype:0000542, WBPhenotype:0000637	T	G	4	3
CB1500	daf-6	WBGene00000902	ENSG000000398	No	WBPhenotype:0000013, WBPhenotype:0000150, WBPhenotype:0000247	P	E	7	3
CB1501	daf-7	WBGene00000903	ENSG000000399	Yes	WBPhenotype:0000004, WBPhenotype:0000005, WBPhenotype:0000006	P	I	5	3
CB1502	daf-8	WBGene00000904	ENSG000000400	No	WBPhenotype:0000006, WBPhenotype:0000007, WBPhenotype:0000012	N	E	4	3
CB1503	daf-9	WBGene00000905	ENSG000000401	No	WBPhenotype:0000012, WBPhenotype:0000013, WBPhenotype:0000019	G	E	7	4
CB1504	daf-10	WBGene00000906	ENSG000000441	No	WBPhenotype:0000013, WBPhenotype:0000150, WBPhenotype:0000247	V	Q	7	4
CB1505	daf-11	WBGene00000907	ENSG000000442	No	WBPhenotype:0000012, WBPhenotype:0000039, WBPhenotype:0000061	K	R	2	2
CB1506	daf-12	WBGene00000908	ENSG000000443	No	WBPhenotype:0000012, WBPhenotype:0000013, WBPhenotype:0000033	E	S	4	2
CB1507	daf-13	WBGene00000909	ENSG000000444	No	WBPhenotype:0000309, WBPhenotype:0002535	Y	F	8	1
CB1508	daf-14	WBGene00000910	ENSG000000445	No	WBPhenotype:0000012, WBPhenotype:0000062, WBPhenotype:0000137	P	C	7	4
CB1509	daf-15	WBGene00000911	ENSG000000446	No	WBPhenotype:0000012, WBPhenotype:0000190, WBPhenotype:0000294	P	Y	2	4
CB1510	daf-16	WBGene00000912	ENSG000000447	No	WBPhenotype:0000013, WBPhenotype:0000033, WBPhenotype:0000039	S	A	4	1
CB1511	daf-18	WBGene00000913	ENSG000000449	No	WBPhenotype:0000013, WBPhenotype:0000018, WBPhenotype:0000038	V	A	6	4
CB1512	daf-19	WBGene00000914	ENSG000000450	No	WBPhenotype:0000012, WBPhenotype:0000017, WBPhenotype:0000134	L	I	8	4
CB1513	hsp-90	WBGene00000915	ENSG000000481	No	WBPhenotype:0000012, WBPhenotype:0000054, WBPhenotype:0000062	T	Y	6	3
CB1514	daf-25	WBGene00000917	ENSG000000447	No	WBPhenotype:0000012, WBPhenotype:0000302, WBPhenotype:0000303	I	L	2	1
CB1515	daf-26	WBGene00000918	ENSG000000448	No	WBPhenotype:0000013	R	S	3	2
CB1516	daf-28	WBGene00000920	ENSG000000450	No	WBPhenotype:0000012, WBPhenotype:0000306, WBPhenotype:0000308	W	D	8	3
CB1517	daf-29	WBGene00000921	ENSG000000451	No	WBPhenotype:0000637	G	H	3	4
CB1518	daf-30	WBGene00000922	ENSG000000443	No	WBPhenotype:0000637	M	L	1	1
CB1519	daf-31	WBGene00000923	ENSG000000444	No	WBPhenotype:0000062, WBPhenotype:0000637, WBPhenotype:0000688	R	P	8	4
CB1520	daf-32	WBGene00000924	ENSG000000445	No	WBPhenotype:0000637	T	V	2	2
CB1521	daf-33	WBGene00000925	ENSG000000446	No	WBPhenotype:0000637	P	M	7	2
CB1522	daf-34	WBGene00000926	ENSG000000447	No	WBPhenotype:0000637	D	S	7	1
CB1523	daf-35	WBGene00000927	ENSG000000448	No	WBPhenotype:0000637	E	W	8	4
CB1524	dao-5	WBGene00000931	ENSG000000406	No	WBPhenotype:0000062, WBPhenotype:0000031, WBPhenotype:0000049	G	A	5	1
CB1525	dat-1	WBGene00000934	ENSG000000407	No	WBPhenotype:0000010, WBPhenotype:0000120, WBPhenotype:0000234	L	C	3	1
CB1526	dbl-1	WBGene00000936	ENSG000000400	No	WBPhenotype:0000016, WBPhenotype:0000045, WBPhenotype:0000062	R	C	7	1
CB1527	dbr-1	WBGene00000937	ENSG000000406	Yes	WBPhenotype:0000055, WBPhenotype:0000062, WBPhenotype:0000116	P	G	7	4
CB1528	dcr-1	WBGene00000939	ENSG000000407	No	WBPhenotype:0000038, WBPhenotype:0000136, WBPhenotype:0000141	H	S	1	4
CB1529	dcs-1	WBGene00000940	ENSG000000408	No	WBPhenotype:0000062, WBPhenotype:0000050, WBPhenotype:0000535	H	S	1	1
CB1530	deb-1	WBGene00000942	ENSG000000393	No	WBPhenotype:0000053, WBPhenotype:0000088, WBPhenotype:0000553	Y	E	4	2
CB1531	dec-1	WBGene00000943	ENSG000000394	No	WBPhenotype:0000208, WBPhenotype:0001791	H	F	7	1
CB1532	dec-2	WBGene00000944	ENSG000000395	No	WBPhenotype:0000031, WBPhenotype:0000208, WBPhenotype:0000314	E	E	6	1
CB1533	dec-9	WBGene00000946	ENSG000000402	No	WBPhenotype:0000209, WBPhenotype:0001791, WBPhenotype:0000659	T	Q	3	4
CB1534	dec-10	WBGene00000947	ENSG000000442	No	WBPhenotype:0000209, WBPhenotype:0001791, WBPhenotype:0000659	E	V	5	3
CB1535	dec-11	WBGene00000948	ENSG000000443	Yes	WBPhenotype:0000031, WBPhenotype:0000208, WBPhenotype:0000314	T	E	1	1
CB1536	dec-12	WBGene00000949	ENSG000000444	No	WBPhenotype:0000031, WBPhenotype:0000208, WBPhenotype:0000314	I	R	8	1
CB1537	deg-1	WBGene00000950	ENSG000000398	No	WBPhenotype:0000050, WBPhenotype:0000053, WBPhenotype:0000179	S	H	6	2
CB1538	deg-3	WBGene00000951	ENSG000000400	No	WBPhenotype:0000073, WBPhenotype:0000178, WBPhenotype:0000179	A	D	2	1
CB1539	del-1	WBGene00000952	ENSG000000403	No	WBPhenotype:0001309, WBPhenotype:0002284, WBPhenotype:0002292	N	E	8	1
CB1540	del-2	WBGene00000953	ENSG000000404	No	WBPhenotype:0000062, WBPhenotype:0000031, WBPhenotype:0000049	W	M	3	4
CB1541	des-1	WBGene00000954	ENSG000000410	No	WBPhenotype:0000886	W	P	6	3
CB1542	des-2	WBGene00000955	ENSG000000411	No	WBPhenotype:0001790, WBPhenotype:0002028, WBPhenotype:0000681	T	Q	5	1
CB1543	des-4	WBGene00000957	ENSG000000413	No	WBPhenotype:0000456	L	I	5	1
CB1544	dgk-1	WBGene00000958	ENSG000000404	Yes	WBPhenotype:0000004, WBPhenotype:0000016, WBPhenotype:0000019	Q	H	2	2
CB1545	dgk-2	WBGene00000959	ENSG000000405	Yes	WBPhenotype:0000478, WBPhenotype:0000436, WBPhenotype:0000031	K	D	1	4
CB1546	dgk-3	WBGene00000960	ENSG000000406	No	WBPhenotype:0000478, WBPhenotype:0000049, WBPhenotype:0000749	S	N	8	2
CB1547	dgn-1	WBGene00000961	ENSG000000407	No	WBPhenotype:0000688, WBPhenotype:0000977, WBPhenotype:0000709	F	R	4	3
CB1548	dhc-1	WBGene00000962	ENSG000000397	No	WBPhenotype:0000016, WBPhenotype:0000050, WBPhenotype:0000052	N	A	5	4
CB1549	dhp-1	WBGene00000963	ENSG000000410	No	WBPhenotype:0000062, WBPhenotype:0000031, WBPhenotype:0000049	L	A	1	4
CB1550	dhs-1	WBGene00000965	ENSG000000413	No	WBPhenotype:0000062, WBPhenotype:0000031, WBPhenotype:0000049	A	P	4	4
CB1551	dhs-2	WBGene00000966	ENSG000000414	No	WBPhenotype:0001171, WBPhenotype:0000039, WBPhenotype:0000062	Y	F	5	2
CB1552	dhs-3	WBGene00000967	ENSG000000415	No	WBPhenotype:0001171, WBPhenotype:0001180, WBPhenotype:0001183	D	C	7	3
CB1553	dhs-4	WBGene00000968	ENSG000000416	No	WBPhenotype:0000062, WBPhenotype:0000478, WBPhenotype:0000688	G	W	3	4
CB1554	dhs-6	WBGene00000970	ENSG000000418	No	WBPhenotype:0000050, WBPhenotype:0000062, WBPhenotype:0000132	R	F	5	1
CB1555	dhs-11	WBGene00000974	ENSG000000462	No	WBPhenotype:0000062, WBPhenotype:0000049, WBPhenotype:0000749	Y	R	7	1
CB1556	dhs-12	WBGene00000975	ENSG000000463	No	WBPhenotype:0000062, WBPhenotype:0000031, WBPhenotype:0000049	H	L	1	4
CB1557	dhs-13	WBGene00000976	ENSG000000464	No	WBPhenotype:0000062, WBPhenotype:0000050, WBPhenotype:0000535	L	R	4	2
CB1558	dhs-15	WBGene00000978	ENSG000000466	No	WBPhenotype:0000062, WBPhenotype:0000031, WBPhenotype:0000049	R	Q	2	2
CB1559	dhs-16	WBGene00000979	ENSG000000467	No	WBPhenotype:0000690, WBPhenotype:0000062, WBPhenotype:0000224	L	P	3	4
CB1560	dhs-22	WBGene00000985	ENSG000000464	No	WBPhenotype:0000062, WBPhenotype:0000050, WBPhenotype:0000535	A	W	6	2
CB1561	dhs-25	WBGene00000988	ENSG000000467	No	WBPhenotype:0000062, WBPhenotype:0000031, WBPhenotype:0000049	N	L	7	4
CB1562	dhs-27	WBGene00000990	ENSG000000469	Yes	WBPhenotype:0000062	Y	S	1	3
CB1563	dhs-28	WBGene00000991	ENSG000000470	No	WBPhenotype:0000033, WBPhenotype:0000059, WBPhenotype:0000138	E	T	3	3
CB1564	dhs-29	WBGene00000992	ENSG000000471	No	WBPhenotype:0000062, WBPhenotype:0000049, WBPhenotype:0000886	S	M	3	2
CB1565	dhs-30	WBGene00000993	ENSG000000463	No	WBPhenotype:0000062, WBPhenotype:0000031, WBPhenotype:0000049	Y	D	8	4
CB1566	ints-6	WBGene00000994	ENSG000000545	No	WBPhenotype:0000062, WBPhenotype:0000083, WBPhenotype:0000688	D	G	1	4
CB1567	die-1	WBGene00000995	ENSG000000400	Yes	WBPhenotype:0000050, WBPhenotype:0000062, WBPhenotype:0000583	F	C	8	3
CB1568	dif-1	WBGene00000996	ENSG000000401	No	WBPhenotype:0000052, WBPhenotype:0000031, WBPhenotype:0000049	N	M	6	1
CB1569	dif-2	WBGene00000997	ENSG000000402	Yes	WBPhenotype:0000052	V	T	2	4
CB1570	dig-1	WBGene00000998	ENSG000000402	No	WBPhenotype:0000154, WBPhenotype:0000200, WBPhenotype:0000300	V	D	7	4
CB1571	dim-1	WBGene00001000	ENSG000000408	No	WBPhenotype:0000553, WBPhenotype:0001889, WBPhenotype:0000059	G	D	3	4
CB1572	div-1	WBGene00001002	ENSG000000417	No	WBPhenotype:0000361, WBPhenotype:0000364, WBPhenotype:0000436	G	P	8	1
CB1573	dlc-1	WBGene00001005	ENSG000000401	No	WBPhenotype:0000050, WBPhenotype:0000062, WBPhenotype:0000688	I	N	3	4
CB1574	dlk-1	WBGene00001008	ENSG000000409	No	WBPhenotype:0000119, WBPhenotype:0000487, WBPhenotype:0000615	K	C	1	2
CB1575	dmo-1	WBGene00001009	ENSG000000414	No	WBPhenotype:0000052, WBPhenotype:0000961	S	Q	1	3
CB1576	dmo-2	WBGene00001010	ENSG000000415	No	WBPhenotype:0000052, WBPhenotype:0000766, WBPhenotype:0001155	L	I	3	3
CB1577	dmo-3	WBGene00001011	ENSG000000416	No	WBPhenotype:0000052, WBPhenotype:0001278	C	K	2	4
CB1578	dmo-5	WBGene00001012	ENSG000000418	No	WBPhenotype:0000052, WBPhenotype:0001152, WBPhenotype:0000961	S	G	3	1
CB1579	dmo-6	WBGene00001013	ENSG000000419	No	WBPhenotype:0000052, WBPhenotype:0000773, WBPhenotype:0001165	K	D	8	2
CB1580	dmo-7	WBGene00001014	ENSG000000420	No	WBPhenotype:0000052, WBPhenotype:0000961	C	Y	4	2
CB1581	dmo-8	WBGene00001015	ENSG000000421	No	WBPhenotype:0000052, WBPhenotype:0000961	P	P	4	1
CB1582	dnc-1	WBGene00001017	ENSG000000403	No	WBPhenotype:0000022, WBPhenotype:0000062, WBPhenotype:0000353	W	C	2	1
CB1583	dnj-2	WBGene00001020	ENSG000000411	No	WBPhenotype:0000062, WBPhenotype:0000031, WBPhenotype:0000049	S	A	5	4
CB1584	dnj-3	WBGene00001021	ENSG000000412	No	WBPhenotype:0000062, WBPhenotype:0000688, WBPhenotype:0000031	A	M	5	4
CB1585	dnj-4	WBGene00001022	ENSG000000413	No	WBPhenotype:0000062, WBPhenotype:0000688, WBPhenotype:0000031	W	F	5	3
CB1586	dnj-5	WBGene00001023	ENSG000000414	No	WBPhenotype:0000062, WBPhenotype:0000050, WBPhenotype:0000535	N	T	4	3
CB1587	dnj-8	WBGene00001026	ENSG000000417	No	WBPhenotype:0000062, WBPhenotype:0000688, WBPhenotype:0000050	V	P	2	1
CB1588	dnj-9	WBGene00001027	ENSG000000418	No	WBPhenotype:0000062, WBPhenotype:0000049, WBPhenotype:0000886	D	A	6	1
CB1589	dnj-10	WBGene00001028	ENSG000000458	No	WBPhenotype:0000062, WBPhenotype:0000688, WBPhenotype:0000032	R	L	4	2
CB1590	dnj-11	WBGene00001029	ENSG000000459	No	WBPhenotype:0000031, WBPhenotype:0000050, WBPhenotype:0000104	Q	P	5	1
CB1591	dnj-12	WBGene00001030	ENSG000000460	No	WBPhenotype:0000062, WBPhenotype:0000688, WBPhenotype:0000050	Y	M	5	1
CB1592	dnj-13	WBGene00001031	ENSG000000461	No	WBPhenotype:0000062, WBPhenotype:0000688, WBPhenotype:0000031	E	Y	6	4
CB1593	dnj-14	WBGene00001032	ENSG000000462	No	WBPhenotype:0000273, WBPhenotype:0001171, WBPhenotype:0001398	G	L	3	2
CB1594	dnj-15	WBGene00001033	ENSG000000463	No	WBPhenotype:0000062, WBPhenotype:0000688, WBPhenotype:0000031	Q	D	5	4
CB1595	dnj-16	WBGene00001034	ENSG000000464	No	WBPhenotype:0000062, WBPhenotype:0000049, WBPhenotype:0000749	F	P	8	1
CB1596	dnj-17	WBGene00001035	ENSG000000465	Yes	WBPhenotype:0000062, WBPhenotype:0000679, WBPhenotype:0000050	C	L	8	4
CB1597	dnj-18	WBGene00001036	ENSG000000466	No	WBPhenotype:0000062, WBPhenotype:0000688, WBPhenotype:0000050	Q	L	1	3
CB1598	dnj-20	WBGene00001038	ENSG000000459	No	WBPhenotype:0000062, WBPhenotype:0000031, WBPhenotype:0000049	D	I	2	1
CB1599	dnj-21	WBGene00001039	ENSG000000460	No	WBPhenotype:0000055, WBPhenotype:0000062, WBPhenotype:0000688	W	I	8	3
CB1600	dnj-22	WBGene00001040	ENSG000000461	No	WBPhenotype:0000062, WBPhenotype:0000688, WBPhenotype:0000031	Q	M	4	3
CB1601	dnj-24	WBGene00001042	ENSG000000463	No	WBPhenotype:0000062, WBPhenotype:0000688, WBPhenotype:0000049	H	F	1	1
CB1602	dnj-26	WBGene00001044	ENSG000000465	No	WBPhenotype:0000062, WBPhenotype:0000688, WBPhenotype:0000049	Q	D	6	3
CB1603	dnj-27	WBGene00001045	ENSG000000466	No	WBPhenotype:0000062, WBPhenotype:0000049, WBPhenotype:0000886	H	H	5	2
CB1604	dnj-29	WBGene00001047	ENSG000000468	No	WBPhenotype:0000062, WBPhenotype:0000688, WBPhenotype:0000031	P	Y	1	3
CB1605	dnj-30	WBGene00001048	ENSG000000460	No	WBPhenotype:0000062, WBPhenotype:0000031, WBPhenotype:0000049	T	E	5	1
CB1606	dog-1	WBGene00001049	ENSG000000408	No	WBPhenotype:0000732, WBPhenotype:0001760, WBPhenotype:0001781	G	F	6	1
CB1607	dom-3	WBGene00001050	ENSG000000416	No	WBPhenotype:0000062, WBPhenotype:0000673, WBPhenotype:0000676	Q	H	6	3
CB1608	cks-1	WBGene00001051	ENSG000000415	No	WBPhenotype:0000062, WBPhenotype:0000688, WBPhenotype:0001370	A	D	3	4
CB1609	dop-1	WBGene00001052	ENSG000000417	No	WBPhenotype:0000164, WBPhenotype:0000525, WBPhenotype:0001005	D	Y	8	2
CB1610	dop-2	WBGene00001053	ENSG000000418	No	WBPhenotype:0000525, WBPhenotype:0000542, WBPhenotype:0001444	V	F	4	2
CB1611	dpf-1	WBGene00001054	ENSG000000408	No	WBPhenotype:0000062, WBPhenotype:0000031, WBPhenotype:0000049	F	L	7	1
CB1612	dpf-2	WBGene00001055	ENSG000000409	No	WBPhenotype:0000062, WBPhenotype:0000031, WBPhenotype:0000049	K	I	5	3
CB1613	dpf-4	WBGene00001057	ENSG000000411	No	WBPhenotype:0000062, WBPhenotype:0000049, WBPhenotype:0000749	Y	N	8	3
CB1614	dpf-5	WBGene00001058	ENSG000000412	No	WBPhenotype:0000062, WBPhenotype:0000031, WBPhenotype:0000049	P	K	6	1
CB1615	dpf-6	WBGene00001059	ENSG000000413	No	WBPhenotype:0000062, WBPhenotype:0000049, WBPhenotype:0000749	Q	P	4	1
CB1616	dpl-1	WBGene00001061	ENSG000000414	No	WBPhenotype:0000059, WBPhenotype:0001258, WBPhenotype:0000050	N	T	6	1
CB1617	dpr-1	WBGene00001062	ENSG000000420	No	WBPhenotype:0000062, WBPhenotype:0000031, WBPhenotype:0000049	E	S	8	2
CB1618	dpy-1	WBGene00001063	ENSG000000427	No	WBPhenotype:0000583, WBPhenotype:0001016, WBPhenotype:0002041	M	N	7	4
CB1619	dpy-2	WBGene00001064	ENSG000000428	No	WBPhenotype:0000501, WBPhenotype:0000502, WBPhenotype:0000583	G	R	3	2
CB1620	dpy-3	WBGene00001065	ENSG000000429	No	WBPhenotype:0000436, WBPhenotype:0000501, WBPhenotype:0000583	G	N	1	3
CB1621	dpy-4	WBGene00001066	ENSG000000430	No	WBPhenotype:0000583, WBPhenotype:0000961, WBPhenotype:0001517	W	F	6	2
CB1622	dpy-5	WBGene00001067	ENSG000000431	No	WBPhenotype:0000072, WBPhenotype:0000420, WBPhenotype:0000424	L	E	1	2
CB1623	dpy-6	WBGene00001068	ENSG000000432	No	WBPhenotype:0000229, WBPhenotype:0000583, WBPhenotype:0000062	Y	H	2	3
CB1624	dpy-7	WBGene00001069	ENSG000000433	No	WBPhenotype:0000067, WBPhenotype:0000135, WBPhenotype:0000324	V	H	2	4
CB1625	dpy-8	WBGene00001070	ENSG000000434	No	WBPhenotype:0000420, WBPhenotype:0000462, WBPhenotype:0000501	P	T	6	3
CB1626	dpy-9	WBGene00001071	ENSG000000435	No	WBPhenotype:0000135, WBPhenotype:0000319, WBPhenotype:0000420	R	C	2	1
CB1627	dpy-11	WBGene00001073	ENSG000000476	No	WBPhenotype:0000037, WBPhenotype:0000070, WBPhenotype:0000199	R	G	7	3
CB1628	dpy-13	WBGene00001074	ENSG000000478	No	WBPhenotype:0000583, WBPhenotype:0000961, WBPhenotype:0001517	M	E	3	4
CB1629	dpy-14	WBGene00001075	ENSG000000479	No	WBPhenotype:0000035, WBPhenotype:0000062, WBPhenotype:0000519	K	Q	3	3
CB1630	dpy-17	WBGene00001076	ENSG000000482	No	WBPhenotype:0000035, WBPhenotype:0000124, WBPhenotype:0000519	E	D	4	3
CB1631	dpy-18	WBGene00001077	ENSG000000483	No	WBPhenotype:0000070, WBPhenotype:0000199, WBPhenotype:0000384	E	Q	4	2
CB1632	dpy-19	WBGene00001078	ENSG000000484	No	WBPhenotype:0000104, WBPhenotype:0000425, WBPhenotype:0000469	A	K	1	2
CB1633	dpy-20	WBGene00001079	ENSG000000476	No	WBPhenotype:0000062, WBPhenotype:0000322, WBPhenotype:0000324	E	A	1	3
CB1634	dpy-21	WBGene00001080	ENSG000000477	No	WBPhenotype:0000006, WBPhenotype:0000062, WBPhenotype:0000066	T	F	7	1
CB1635	dpy-22	WBGene00001081	ENSG000000478	Yes	WBPhenotype:0000031, WBPhenotype:0000032, WBPhenotype:0000065	T	D	2	1
CB1636	dpy-23	WBGene00001082	ENSG000000479	No	WBPhenotype:0000062, WBPhenotype:0000065, WBPhenotype:0000066	D	P	2	4
CB1637	dpy-25	WBGene00001084	ENSG000000481	Yes	WBPhenotype:0000062, WBPhenotype:0000583, WBPhenotype:0000505	M	Y	4	1
CB1638	dpy-26	WBGene00001085	ENSG000000482	No	WBPhenotype:0000031, WBPhenotype:0000062, WBPhenotype:0000066	H	R	4	2
CB1639	dpy-27	WBGene00001086	ENSG000000483	No	WBPhenotype:0000032, WBPhenotype:0000050, WBPhenotype:0000062	E	G	2	3
CB1640	dpy-28	WBGene00001087	ENSG000000484	No	WBPhenotype:0000006, WBPhenotype:0000032, WBPhenotype:0000062	M	V	2	2
CB1641	dpy-30	WBGene00001088	ENSG000000477	No	WBPhenotype:0000031, WBPhenotype:0000066, WBPhenotype:0000314	A	P	5	1
CB1642	dre-1	WBGene00001089	ENSG000000409	No	WBPhenotype:0000167, WBPhenotype:0001412, WBPhenotype:0001801	S	Q	1	3
CB1643	drh-1	WBGene00001090	ENSG000000412	No	WBPhenotype:0001593, WBPhenotype:0002252, WBPhenotype:0000062	M	K	4	4
CB1644	drh-2	WBGene00001091	ENSG000000413	No	WBPhenotype:0000062, WBPhenotype:0000727	C	A	2	3
CB1645	dro-1	WBGene00001092	ENSG000000419	No	WBPhenotype:0000062, WBPhenotype:0000688, WBPhenotype:0000049	V	W	5	4
CB1646	drp-1	WBGene00001093	ENSG000000420	No	WBPhenotype:0000017, WBPhenotype:0000030, WBPhenotype:0000031	Q	N	8	4
CB1647	dars-2	WBGene00001095	ENSG000000521	No	WBPhenotype:0000062, WBPhenotype:0000688, WBPhenotype:0000050	L	Y	7	1
CB1648	dsc-1	WBGene00001096	ENSG000000408	No	WBPhenotype:0000062, WBPhenotype:0000031, WBPhenotype:0000049	F	D	3	1
CB1649	dsc-3	WBGene00001098	ENSG000000410	No	WBPhenotype:0000209	R	A	6	3
CB1650	dsc-4	WBGene00001099	ENSG000000411	No	WBPhenotype:0000062, WBPhenotype:0000031, WBPhenotype:0000049	Q	H	2	3
CB1651	dsh-1	WBGene00001101	ENSG000000413	No	WBPhenotype:0000944, WBPhenotype:0002393, WBPhenotype:0000050	Q	I	1	3
CB1652	dsh-2	WBGene00001102	ENSG000000414	No	WBPhenotype:0000154, WBPhenotype:0000691, WBPhenotype:0000961	G	E	6	2
CB1653	dsl-1	WBGene00001103	ENSG000000417	Yes	WBPhenotype:0001998, WBPhenotype:0000695, WBPhenotype:0000050	V	L	3	2
CB1654	dsl-2	WBGene00001104	ENSG000000418	No	WBPhenotype:0000062, WBPhenotype:0000643, WBPhenotype:0000031	L	R	1	3
CB1655	duo-1	WBGene00001110	ENSG000000422	Yes	WBPhenotype:0000050, WBPhenotype:0000059, WBPhenotype:0000062	S	I	7	3
CB1656	duo-2	WBGene00001111	ENSG000000423	No	WBPhenotype:0000032, WBPhenotype:0000062, WBPhenotype:0000315	P	R	4	2
CB1657	duo-3	WBGene00001112	ENSG000000424	No	WBPhenotype:0000030, WBPhenotype:0000032, WBPhenotype:0000062	M	D	2	4
CB1658	dur-1	WBGene00001113	ENSG000000425	No	WBPhenotype:0001418, WBPhenotype:0000050, WBPhenotype:0000062	M	G	3	3
CB1659	dyb-1	WBGene00001115	ENSG000000413	No	WBPhenotype:0000016, WBPhenotype:0000175, WBPhenotype:0000642	N	G	5	4
CB1660	dyc-1	WBGene00001116	ENSG000000414	No	WBPhenotype:0000175, WBPhenotype:0000642, WBPhenotype:0000664	G	F	4	2
CB1661	dyf-1	WBGene00001117	ENSG000000417	No	WBPhenotype:0000013, WBPhenotype:0000119, WBPhenotype:0000249	S	G	2	1
CB1662	dyf-2	WBGene00001118	ENSG000000418	No	WBPhenotype:0000013, WBPhenotype:0000029, WBPhenotype:0000615	H	G	6	3
CB1663	dyf-3	WBGene00001119	ENSG000000419	No	WBPhenotype:0000013, WBPhenotype:0000249, WBPhenotype:0000646	C	A	8	2
CB1664	dyf-5	WBGene00001121	ENSG000000421	No	WBPhenotype:0000013, WBPhenotype:0000324, WBPhenotype:0000615	K	V	8	2
CB1665	dyf-6	WBGene00001122	ENSG000000422	No	WBPhenotype:0000013, WBPhenotype:0000249, WBPhenotype:0000843	W	V	8	4
CB1666	dyf-7	WBGene00001123	ENSG000000423	No	WBPhenotype:0000013, WBPhenotype:0000055, WBPhenotype:0000324	Q	T	8	2
CB1667	dyf-9	WBGene00001125	ENSG000000425	No	WBPhenotype:0000013, WBPhenotype:0000249, WBPhenotype:0000843	V	F	5	1
CB1668	dyf-10	WBGene00001126	ENSG000000465	No	WBPhenotype:0000637, WBPhenotype:0001434, WBPhenotype:0001435	K	Y	2	1
CB1669	dyf-11	WBGene00001127	ENSG000000466	No	WBPhenotype:0000013, WBPhenotype:0000249, WBPhenotype:0000324	M	E	4	3
CB1670	dyf-13	WBGene00001129	ENSG000000468	No	WBPhenotype:0000015, WBPhenotype:0000031, WBPhenotype:0000062	S	G	2	3
CB1671	dyn-1	WBGene00001130	ENSG000000425	No	WBPhenotype:0000006, WBPhenotype:0000019, WBPhenotype:0000031	S	P	7	4
CB1672	dys-1	WBGene00001131	ENSG000000430	No	WBPhenotype:0000016, WBPhenotype:0000027, WBPhenotype:0000175	S	Q	4	1
CB1673	alp-1	WBGene00001132	ENSG000000411	No	WBPhenotype:0001911, WBPhenotype:0000062, WBPhenotype:0000050	P	L	5	1
CB1674	eat-2	WBGene00001133	ENSG000000409	No	WBPhenotype:0000019, WBPhenotype:0000031, WBPhenotype:0000039	W	M	5	2
CB1675	eat-3	WBGene00001134	ENSG000000410	No	WBPhenotype:0000019, WBPhenotype:0000020, WBPhenotype:0000050	Q	F	3	2
CB1676	eat-4	WBGene00001135	ENSG000000411	No	WBPhenotype:0000011, WBPhenotype:0000019, WBPhenotype:0000081	W	L	8	4
CB1677	eat-5	WBGene00001136	ENSG000000412	No	WBPhenotype:0000020, WBPhenotype:0000329, WBPhenotype:0000547	K	R	1	3
CB1678	eat-6	WBGene00001137	ENSG000000413	No	WBPhenotype:0000016, WBPhenotype:0000019, WBPhenotype:0000039	N	K	2	3
CB1679	eat-8	WBGene00001139	ENSG000000415	Yes	WBPhenotype:0000333, WBPhenotype:0000565, WBPhenotype:0000634	N	I	5	3
CB1680	eat-9	WBGene00001140	ENSG000000416	No	WBPhenotype:0000019, WBPhenotype:0000020, WBPhenotype:0000547	S	I	2	2
CB1681	eat-10	WBGene00001141	ENSG000000456	No	WBPhenotype:0000334, WBPhenotype:0002056	I	N	3	3
CB1682	eat-13	WBGene00001142	ENSG000000459	Yes	WBPhenotype:0000335, WBPhenotype:0000336, WBPhenotype:0001004	G	L	2	1
CB1683	eat-14	WBGene00001143	ENSG000000460	No	WBPhenotype:0000337, WBPhenotype:0002056	A	Y	2	3
CB1684	eat-15	WBGene00001144	ENSG000000461	No	WBPhenotype:0000335, WBPhenotype:0002056	Q	N	1	1
CB1685	eat-16	WBGene00001145	ENSG000000462	No	WBPhenotype:0000004, WBPhenotype:0000005, WBPhenotype:0000016	G	A	7	2
CB1686	eat-18	WBGene00001147	ENSG000000464	No	WBPhenotype:0000062, WBPhenotype:0000402, WBPhenotype:0000421	C	D	1	2
CB1687	eat-20	WBGene00001148	ENSG000000457	No	WBPhenotype:0000019, WBPhenotype:0000103, WBPhenotype:0000154	W	K	1	1
CB1688	ech-4	WBGene00001153	ENSG000000401	No	WBPhenotype:0000062, WBPhenotype:0000031, WBPhenotype:0000049	W	V	3	4
CB1689	ech-7	WBGene00001156	ENSG000000404	No	WBPhenotype:0000073, WBPhenotype:0000146, WBPhenotype:0000049	T	G	1	2
CB1690	ech-8	WBGene00001157	ENSG000000405	Yes	WBPhenotype:0000062, WBPhenotype:0000688, WBPhenotype:0000031	Q	T	7	2
CB1691	eff-1	WBGene00001159	ENSG000000399	No	WBPhenotype:0000006, WBPhenotype:0000038, WBPhenotype:0000070	C	C	1	2
CB1692	efk-1	WBGene00001160	ENSG000000404	No	WBPhenotype:0000062, WBPhenotype:0000050, WBPhenotype:0000535	L	I	8	4
CB1693	efl-1	WBGene00001161	ENSG000000405	No	WBPhenotype:0001276, WBPhenotype:0001510, WBPhenotype:0000059	Q	N	7	3
CB1694	efl-2	WBGene00001162	ENSG000000406	No	WBPhenotype:0000062, WBPhenotype:0000640, WBPhenotype:0000643	N	M	8	4
CB1695	efn-2	WBGene00001163	ENSG000000408	No	WBPhenotype:0000195, WBPhenotype:0002045, WBPhenotype:0000106	V	R	3	2
CB1696	efn-3	WBGene00001164	ENSG000000409	No	WBPhenotype:0002045, WBPhenotype:0000031, WBPhenotype:0000049	D	Q	3	2
CB1697	efn-4	WBGene00001165	ENSG000000410	No	WBPhenotype:0000047, WBPhenotype:0000059, WBPhenotype:0000070	C	L	8	3
CB1698	eef-1A.1	WBGene00001168	ENSG000000558	No	WBPhenotype:0000215, WBPhenotype:0000688, WBPhenotype:0000823	L	M	8	1
CB1699	egl-1	WBGene00001170	ENSG000000406	No	WBPhenotype:0000006, WBPhenotype:0000022, WBPhenotype:0000154	A	D	5	3
CB1700	egl-2	WBGene00001171	ENSG000000407	Yes	WBPhenotype:0000002, WBPhenotype:0000006, WBPhenotype:0000007	I	C	2	3
CB1701	egl-3	WBGene00001172	ENSG000000408	No	WBPhenotype:0000006, WBPhenotype:0000007, WBPhenotype:0000017	K	T	7	3
CB1702	egl-4	WBGene00001173	ENSG000000409	No	WBPhenotype:0000005, WBPhenotype:0000006, WBPhenotype:0000017	C	I	3	4
CB1703	egl-5	WBGene00001174	ENSG000000410	Yes	WBPhenotype:0000006, WBPhenotype:0000007, WBPhenotype:0000022	F	M	4	4
CB1704	egl-6	WBGene00001175	ENSG000000411	No	WBPhenotype:0000002, WBPhenotype:0000006, WBPhenotype:0000007	T	E	3	1
CB1705	egl-7	WBGene00001176	ENSG000000412	No	WBPhenotype:0000007, WBPhenotype:0000022, WBPhenotype:0000032	H	I	2	4
CB1706	egl-8	WBGene00001177	ENSG000000413	No	WBPhenotype:0000007, WBPhenotype:0000011, WBPhenotype:0000017	T	Q	7	3
CB1707	egl-9	WBGene00001178	ENSG000000414	No	WBPhenotype:0000006, WBPhenotype:0000011, WBPhenotype:0000061	H	F	5	2
CB1708	egl-10	WBGene00001179	ENSG000000454	No	WBPhenotype:0000002, WBPhenotype:0000006, WBPhenotype:0000017	V	Y	2	1
CB1709	egl-11	WBGene00001180	ENSG000000455	No	WBPhenotype:0000164, WBPhenotype:0000339, WBPhenotype:0000545	H	R	3	3
CB1710	egl-12	WBGene00001181	ENSG000000456	No	WBPhenotype:0000006, WBPhenotype:0000324, WBPhenotype:0000339	K	A	3	3
CB1711	egl-13	WBGene00001182	ENSG000000457	No	WBPhenotype:0000006, WBPhenotype:0000007, WBPhenotype:0000022	M	R	5	4
CB1712	egl-14	WBGene00001183	ENSG000000458	Yes	WBPhenotype:0000007, WBPhenotype:0000022, WBPhenotype:0000339	Y	H	7	2
CB1713	egl-15	WBGene00001184	ENSG000000459	No	WBPhenotype:0000006, WBPhenotype:0000007, WBPhenotype:0000022	F	Y	8	2
CB1714	egl-17	WBGene00001185	ENSG000000461	No	WBPhenotype:0000006, WBPhenotype:0000007, WBPhenotype:0000164	Q	A	3	3
CB1715	egl-18	WBGene00001186	ENSG000000462	No	WBPhenotype:0000006, WBPhenotype:0000007, WBPhenotype:0000022	Q	Q	5	2
CB1716	egl-19	WBGene00001187	ENSG000000463	No	WBPhenotype:0000004, WBPhenotype:0000006, WBPhenotype:0000007	K	L	2	4
CB1717	egl-20	WBGene00001188	ENSG000000455	No	WBPhenotype:0000006, WBPhenotype:0000007, WBPhenotype:0000070	V	V	3	2
CB1718	egl-21	WBGene00001189	ENSG000000456	No	WBPhenotype:0000006, WBPhenotype:0000017, WBPhenotype:0000022	N	L	8	4
CB1719	egl-23	WBGene00001190	ENSG000000458	No	WBPhenotype:0000006, WBPhenotype:0000007, WBPhenotype:0000022	Y	G	3	3
CB1720	egl-24	WBGene00001191	ENSG000000459	No	WBPhenotype:0000007, WBPhenotype:0000022, WBPhenotype:0000024	M	M	2	4
CB1721	egl-26	WBGene00001193	ENSG000000461	No	WBPhenotype:0000006, WBPhenotype:0000007, WBPhenotype:0000339	F	K	1	4
CB1722	egl-27	WBGene00001194	ENSG000000462	No	WBPhenotype:0000006, WBPhenotype:0000007, WBPhenotype:0000062	L	P	8	2
CB1723	egl-28	WBGene00001195	ENSG000000463	No	WBPhenotype:0000007, WBPhenotype:0000070, WBPhenotype:0000324	M	L	2	4
CB1724	egl-30	WBGene00001196	ENSG000000456	No	WBPhenotype:0000004, WBPhenotype:0000006, WBPhenotype:0000007	R	A	4	4
CB1725	egl-31	WBGene00001197	ENSG000000457	No	WBPhenotype:0000007, WBPhenotype:0000022, WBPhenotype:0000024	P	H	2	3
CB1726	egl-32	WBGene00001198	ENSG000000458	No	WBPhenotype:0000007, WBPhenotype:0000022, WBPhenotype:0000302	P	Q	2	2
CB1727	egl-33	WBGene00001199	ENSG000000459	No	WBPhenotype:0000002, WBPhenotype:0000007, WBPhenotype:0000022	K	C	3	1
CB1728	egl-34	WBGene00001200	ENSG000000460	No	WBPhenotype:0000006, WBPhenotype:0000007, WBPhenotype:0000070	T	S	5	3
CB1729	egl-35	WBGene00001201	ENSG000000461	No	WBPhenotype:0000032, WBPhenotype:0000070, WBPhenotype:0000339	Y	L	1	3
CB1730	egl-36	WBGene00001202	ENSG000000462	No	WBPhenotype:0000006, WBPhenotype:0000007, WBPhenotype:0000022	N	G	4	2
CB1731	egl-37	WBGene00001203	ENSG000000463	No	WBPhenotype:0000007, WBPhenotype:0000022, WBPhenotype:0000339	S	A	2	2
CB1732	egl-38	WBGene00001204	ENSG000000464	No	WBPhenotype:0000006, WBPhenotype:0000007, WBPhenotype:0000062	N	K	6	2
CB1733	egl-40	WBGene00001205	ENSG000000457	No	WBPhenotype:0000022, WBPhenotype:0000339, WBPhenotype:0000542	F	Q	1	1
CB1734	egl-42	WBGene00001206	ENSG000000459	Yes	WBPhenotype:0000006, WBPhenotype:0000154, WBPhenotype:0000542	R	K	4	1
CB1735	egl-43	WBGene00001207	ENSG000000460	No	WBPhenotype:0000006, WBPhenotype:0000062, WBPhenotype:0000339	E	V	2	1
CB1736	egl-44	WBGene00001208	ENSG000000461	No	WBPhenotype:0000006, WBPhenotype:0000022, WBPhenotype:0000031	G	E	5	2
CB1737	egl-45	WBGene00001209	ENSG000000462	No	WBPhenotype:0000006, WBPhenotype:0000062, WBPhenotype:0000070	C	C	8	4
CB1738	egl-46	WBGene00001210	ENSG000000463	No	WBPhenotype:0000006, WBPhenotype:0000022, WBPhenotype:0000093	W	I	2	1
CB1739	egl-47	WBGene00001211	ENSG000000464	No	WBPhenotype:0000002, WBPhenotype:0000006, WBPhenotype:0000022	W	C	3	3
CB1740	egl-49	WBGene00001212	ENSG000000466	No	WBPhenotype:0000006, WBPhenotype:0000022, WBPhenotype:0000542	Y	K	4	1
CB1741	egl-50	WBGene00001213	ENSG000000458	Yes	WBPhenotype:0000006, WBPhenotype:0000154, WBPhenotype:0000542	L	S	2	1
CB1742	ego-1	WBGene00001214	ENSG000000409	No	WBPhenotype:0000062, WBPhenotype:0000356, WBPhenotype:0000666	W	F	4	3
CB1743	ego-2	WBGene00001215	ENSG000000410	No	WBPhenotype:0000062, WBPhenotype:0000688, WBPhenotype:0000025	A	V	8	4
CB1744	ego-3	WBGene00001216	ENSG000000411	No	WBPhenotype:0000356, WBPhenotype:0000357, WBPhenotype:0000643	G	Y	7	2
CB1745	ego-4	WBGene00001217	ENSG000000412	No	WBPhenotype:0000052, WBPhenotype:0000684, WBPhenotype:0000867	T	E	7	2
CB1746	ego-5	WBGene00001218	ENSG000000413	No	WBPhenotype:0000052, WBPhenotype:0000684, WBPhenotype:0000779	K	V	1	2
CB1747	ehn-2	WBGene00001222	ENSG000000410	No	WBPhenotype:0000094, WBPhenotype:0000117, WBPhenotype:0000621	F	F	3	2
CB1748	ehs-1	WBGene00001224	ENSG000000414	Yes	WBPhenotype:0000017, WBPhenotype:0000062, WBPhenotype:0000120	Q	W	7	4
CB1749	eif-3.K	WBGene00001233	ENSG000000525	No	WBPhenotype:0000061, WBPhenotype:0000031, WBPhenotype:0000049	P	H	3	3
CB1750	elc-1	WBGene00001236	ENSG000000402	No	WBPhenotype:0000062, WBPhenotype:0000688, WBPhenotype:0000050	H	R	5	4
CB1751	elc-2	WBGene00001237	ENSG000000403	No	WBPhenotype:0000019, WBPhenotype:0000031, WBPhenotype:0000049	W	F	1	2
CB1752	elo-1	WBGene00001239	ENSG000000414	No	WBPhenotype:0000138, WBPhenotype:0000031, WBPhenotype:0000643	I	H	8	1
CB1753	elo-4	WBGene00001242	ENSG000000417	Yes	WBPhenotype:0000062, WBPhenotype:0000049, WBPhenotype:0000749	P	P	4	3
CB1754	elo-5	WBGene00001243	ENSG000000418	No	WBPhenotype:0000055, WBPhenotype:0000059, WBPhenotype:0000081	Q	M	5	2
CB1755	elo-8	WBGene00001246	ENSG000000421	No	WBPhenotype:0000062, WBPhenotype:0000031, WBPhenotype:0000049	P	T	4	4
CB1756	elp-1	WBGene00001248	ENSG000000415	No	WBPhenotype:0000062, WBPhenotype:0000456, WBPhenotype:0000050	I	M	6	3
CB1757	elt-1	WBGene00001249	ENSG000000419	Yes	WBPhenotype:0000033, WBPhenotype:0000050, WBPhenotype:0000062	S	S	7	2
CB1758	elt-2	WBGene00001250	ENSG000000420	No	WBPhenotype:0000062, WBPhenotype:0000354, WBPhenotype:0000688	T	Q	3	2
CB1759	elt-3	WBGene00001251	ENSG000000421	No	WBPhenotype:0000039, WBPhenotype:0000111, WBPhenotype:0000134	Y	R	4	4
CB1760	elt-6	WBGene00001253	ENSG000000424	No	WBPhenotype:0000062, WBPhenotype:0002173, WBPhenotype:0000031	T	A	3	4
CB1761	emb-2	WBGene00001256	ENSG000000403	No	WBPhenotype:0000361, WBPhenotype:0000362, WBPhenotype:0000363	Y	F	6	3
CB1762	emb-3	WBGene00001257	ENSG000000404	No	WBPhenotype:0000361, WBPhenotype:0000746, WBPhenotype:0000764	Y	V	2	4
CB1763	emb-4	WBGene00001258	ENSG000000405	No	WBPhenotype:0000035, WBPhenotype:0000050, WBPhenotype:0000054	V	Q	2	4
CB1764	emb-5	WBGene00001259	ENSG000000406	No	WBPhenotype:0000047, WBPhenotype:0000062, WBPhenotype:0000361	Y	Y	5	1
CB1765	emb-7	WBGene00001261	ENSG000000408	No	WBPhenotype:0000361, WBPhenotype:0000363	L	K	2	1
CB1766	emb-8	WBGene00001262	ENSG000000409	No	WBPhenotype:0000363, WBPhenotype:0000365, WBPhenotype:0000867	R	N	6	1
CB1767	emb-9	WBGene00001263	ENSG000000410	No	WBPhenotype:0000048, WBPhenotype:0000053, WBPhenotype:0000059	K	E	3	1
CB1768	emb-11	WBGene00001265	ENSG000000451	No	WBPhenotype:0000050, WBPhenotype:0000081, WBPhenotype:0000365	C	I	1	3
CB1769	emb-12	WBGene00001266	ENSG000000452	No	WBPhenotype:0000050, WBPhenotype:0000365, WBPhenotype:0000691	A	P	4	2
CB1770	emb-13	WBGene00001267	ENSG000000453	No	WBPhenotype:0000022, WBPhenotype:0000059, WBPhenotype:0000093	F	D	1	3
CB1771	emb-15	WBGene00001269	ENSG000000455	No	WBPhenotype:0000059, WBPhenotype:0000369, WBPhenotype:0001743	V	S	4	1
CB1772	emb-17	WBGene00001271	ENSG000000457	No	WBPhenotype:0000033, WBPhenotype:0000050, WBPhenotype:0000361	K	Q	4	3
CB1773	emb-18	WBGene00001272	ENSG000000458	No	WBPhenotype:0000022, WBPhenotype:0000059, WBPhenotype:0000093	F	D	8	3
CB1774	emb-19	WBGene00001273	ENSG000000459	No	WBPhenotype:0000059, WBPhenotype:0000365, WBPhenotype:0000691	T	M	6	4
CB1775	emb-20	WBGene00001274	ENSG000000451	No	WBPhenotype:0000365, WBPhenotype:0000867	Y	Y	8	2
CB1776	emb-21	WBGene00001275	ENSG000000452	No	WBPhenotype:0000050, WBPhenotype:0000059, WBPhenotype:0000187	Q	R	3	4
CB1777	emb-22	WBGene00001276	ENSG000000453	No	WBPhenotype:0000361, WBPhenotype:0000364, WBPhenotype:0002133	V	Y	6	1
CB1778	emb-23	WBGene00001277	ENSG000000454	No	WBPhenotype:0000059, WBPhenotype:0000361, WBPhenotype:0000364	C	V	5	2
CB1779	emb-24	WBGene00001278	ENSG000000455	No	WBPhenotype:0000369, WBPhenotype:0000749, WBPhenotype:0000834	A	S	4	3
CB1780	emb-25	WBGene00001279	ENSG000000456	No	WBPhenotype:0000059, WBPhenotype:0000363, WBPhenotype:0000370	A	N	3	2
CB1781	emb-26	WBGene00001280	ENSG000000457	No	WBPhenotype:0000022, WBPhenotype:0000103, WBPhenotype:0000154	A	E	7	3
CB1782	emb-27	WBGene00001281	ENSG000000458	No	WBPhenotype:0000016, WBPhenotype:0000040, WBPhenotype:0000050	R	N	1	2
CB1783	emb-28	WBGene00001282	ENSG000000459	No	WBPhenotype:0000266, WBPhenotype:0000361, WBPhenotype:0000364	V	I	2	2
CB1784	emb-30	WBGene00001284	ENSG000000452	No	WBPhenotype:0000016, WBPhenotype:0000040, WBPhenotype:0000052	F	N	1	1
CB1785	emb-31	WBGene00001285	ENSG000000453	No	WBPhenotype:0000047, WBPhenotype:0000059, WBPhenotype:0000361	E	M	6	2
CB1786	emb-32	WBGene00001286	ENSG000000454	No	WBPhenotype:0000361, WBPhenotype:0000583, WBPhenotype:0000691	H	G	8	4
CB1787	emb-34	WBGene00001287	ENSG000000456	No	WBPhenotype:0000103, WBPhenotype:0000361, WBPhenotype:0000373	W	R	2	2
CB1788	emb-35	WBGene00001288	ENSG000000457	Yes	WBPhenotype:0000059, WBPhenotype:0000229, WBPhenotype:0000361	F	Q	5	1
CB1789	emb-40	WBGene00001289	ENSG000000453	No	WBPhenotype:0000052, WBPhenotype:0000961	W	A	2	2
CB1790	emb-46	WBGene00001290	ENSG000000459	Yes	WBPhenotype:0000052, WBPhenotype:0001276	N	R	2	4
CB1791	emb-47	WBGene00001291	ENSG000000460	Yes	WBPhenotype:0000052, WBPhenotype:0000961	N	Q	8	3
CB1792	emb-48	WBGene00001292	ENSG000000461	Yes	WBPhenotype:0000052, WBPhenotype:0001276	W	G	7	2
CB1793	emb-49	WBGene00001293	ENSG000000462	No	WBPhenotype:0000052, WBPhenotype:0001276	L	F	4	2
CB1794	emb-50	WBGene00001294	ENSG000000454	No	WBPhenotype:0000052, WBPhenotype:0000961	Y	C	6	3
CB1795	emb-52	WBGene00001295	ENSG000000456	No	WBPhenotype:0000052, WBPhenotype:0001278	W	V	5	3
CB1796	emb-53	WBGene00001296	ENSG000000457	Yes	WBPhenotype:0000052, WBPhenotype:0000961	F	Q	5	3
CB1797	emb-57	WBGene00001297	ENSG000000461	No	WBPhenotype:0000052, WBPhenotype:0000961	Q	E	3	2
CB1798	emb-60	WBGene00001298	ENSG000000455	No	WBPhenotype:0000052, WBPhenotype:0000961	H	N	8	2
CB1799	emb-61	WBGene00001299	ENSG000000456	No	WBPhenotype:0000052, WBPhenotype:0000961	F	G	6	4
CB1800	emb-62	WBGene00001300	ENSG000000457	No	WBPhenotype:0000052, WBPhenotype:0000961	H	N	7	1
CB1801	emb-67	WBGene00001301	ENSG000000462	No	WBPhenotype:0000052, WBPhenotype:0000961	G	C	6	3
CB1802	emb-85	WBGene00001302	ENSG000000462	No	WBPhenotype:0000052, WBPhenotype:0001278	F	S	5	3
CB1803	sec-61.G	WBGene00001303	ENSG000000580	No	WBPhenotype:0000050, WBPhenotype:0000688, WBPhenotype:0001948	N	C	3	1
CB1804	emo-2	WBGene00001304	ENSG000000416	No	WBPhenotype:0000668, WBPhenotype:0000688	L	W	5	1
CB1805	emo-3	WBGene00001305	ENSG000000417	No	WBPhenotype:0000668, WBPhenotype:0000688	F	F	1	2
CB1806	emo-4	WBGene00001306	ENSG000000418	No	WBPhenotype:0000668, WBPhenotype:0000688	K	I	7	4
CB1807	emo-5	WBGene00001307	ENSG000000419	Yes	WBPhenotype:0000668, WBPhenotype:0000688	Q	D	4	3
CB1808	emo-6	WBGene00001308	ENSG000000420	No	WBPhenotype:0000668, WBPhenotype:0000688	D	V	2	4
CB1809	emr-1	WBGene00001309	ENSG000000418	No	WBPhenotype:0000016, WBPhenotype:0000031, WBPhenotype:0000049	I	I	8	3
CB1810	end-1	WBGene00001310	ENSG000000405	No	WBPhenotype:0000017, WBPhenotype:0000062, WBPhenotype:0000354	H	C	7	3
CB1811	end-3	WBGene00001311	ENSG000000407	Yes	WBPhenotype:0000047, WBPhenotype:0000050, WBPhenotype:0000717	I	G	2	2
CB1812	enu-1	WBGene00001322	ENSG000000422	No	WBPhenotype:0000632, WBPhenotype:0000886	Q	E	3	4
CB1813	eor-1	WBGene00001324	ENSG000000420	No	WBPhenotype:0000112, WBPhenotype:0000134, WBPhenotype:0000354	S	Q	2	1
CB1814	eor-2	WBGene00001325	ENSG000000421	Yes	WBPhenotype:0000354, WBPhenotype:0000411, WBPhenotype:0000640	E	H	7	1
CB1815	eos-1	WBGene00001326	ENSG000000421	No	WBPhenotype:0000663, WBPhenotype:0000006, WBPhenotype:0000412	S	M	3	1
CB1816	eos-2	WBGene00001327	ENSG000000422	No	WBPhenotype:0000663, WBPhenotype:0000006, WBPhenotype:0000412	F	W	5	4
CB1817	epi-1	WBGene00001328	ENSG000000412	No	WBPhenotype:0000163, WBPhenotype:0000174, WBPhenotype:0000230	Q	Q	6	1
CB1818	epn-1	WBGene00001329	ENSG000000417	No	WBPhenotype:0000062, WBPhenotype:0000688, WBPhenotype:0000031	V	H	2	4
CB1819	eps-8	WBGene00001330	ENSG000000429	No	WBPhenotype:0000050, WBPhenotype:0000059, WBPhenotype:0000366	G	L	8	2
CB1820	eri-1	WBGene00001332	ENSG000000414	No	WBPhenotype:0000050, WBPhenotype:0000113, WBPhenotype:0000136	A	D	3	2
CB1821	erm-1	WBGene00001333	ENSG000000418	No	WBPhenotype:0000052, WBPhenotype:0000062, WBPhenotype:0000195	S	K	2	4
CB1822	ero-1	WBGene00001334	ENSG000000420	No	WBPhenotype:0000062, WBPhenotype:0000688, WBPhenotype:0000059	A	I	2	3
CB1823	etr-1	WBGene00001340	ENSG000000425	No	WBPhenotype:0000062, WBPhenotype:0000688, WBPhenotype:0000050	F	W	8	4
CB1824	evl-1	WBGene00001341	ENSG000000421	No	WBPhenotype:0000289, WBPhenotype:0000688, WBPhenotype:0000696	A	P	1	3
CB1825	evl-2	WBGene00001342	ENSG000000422	No	WBPhenotype:0000289, WBPhenotype:0000688, WBPhenotype:0000696	F	Y	7	1
CB1826	evl-3	WBGene00001343	ENSG000000423	No	WBPhenotype:0000288, WBPhenotype:0000290, WBPhenotype:0000291	N	P	6	4
CB1827	evl-4	WBGene00001344	ENSG000000424	No	WBPhenotype:0000289, WBPhenotype:0000510, WBPhenotype:0000688	E	V	4	3
CB1828	fos-1	WBGene00001345	ENSG000000422	No	WBPhenotype:0000062, WBPhenotype:0000289, WBPhenotype:0000510	G	G	1	1
CB1829	evl-6	WBGene00001346	ENSG000000426	No	WBPhenotype:0000289, WBPhenotype:0000510, WBPhenotype:0000688	S	Q	8	2
CB1830	evl-7	WBGene00001347	ENSG000000427	No	WBPhenotype:0000289, WBPhenotype:0000291, WBPhenotype:0000510	R	E	2	3
CB1831	evl-8	WBGene00001348	ENSG000000428	No	WBPhenotype:0000289, WBPhenotype:0000510, WBPhenotype:0000688	T	D	8	3
CB1832	evl-9	WBGene00001349	ENSG000000429	No	WBPhenotype:0000288, WBPhenotype:0000289, WBPhenotype:0000290	R	F	3	3
CB1833	evl-12	WBGene00001350	ENSG000000471	Yes	WBPhenotype:0000376, WBPhenotype:0000510, WBPhenotype:0000688	W	G	3	3
CB1834	evl-13	WBGene00001351	ENSG000000472	No	WBPhenotype:0000291, WBPhenotype:0000376, WBPhenotype:0000510	N	F	3	1
CB1835	evl-14	WBGene00001352	ENSG000000473	No	WBPhenotype:0000289, WBPhenotype:0000510, WBPhenotype:0000688	Y	W	6	4
CB1836	evl-15	WBGene00001353	ENSG000000474	No	WBPhenotype:0000289, WBPhenotype:0000291, WBPhenotype:0000510	S	L	4	2
CB1837	evl-16	WBGene00001354	ENSG000000475	No	WBPhenotype:0000288, WBPhenotype:0000289, WBPhenotype:0000510	K	P	7	1
CB1838	evl-17	WBGene00001355	ENSG000000476	No	WBPhenotype:0000288, WBPhenotype:0000289, WBPhenotype:0000510	R	G	5	3
CB1839	evl-19	WBGene00001357	ENSG000000478	No	WBPhenotype:0000288, WBPhenotype:0000289, WBPhenotype:0000290	D	S	6	4
CB1840	evl-20	WBGene00001358	ENSG000000470	No	WBPhenotype:0000288, WBPhenotype:0000289, WBPhenotype:0000290	R	V	3	4
CB1841	evl-21	WBGene00001359	ENSG000000471	No	WBPhenotype:0000288, WBPhenotype:0000289, WBPhenotype:0000290	A	Y	2	1
CB1842	evl-23	WBGene00001360	ENSG000000473	No	WBPhenotype:0000376, WBPhenotype:0000510, WBPhenotype:0000688	W	Q	6	4
CB1843	evl-24	WBGene00001361	ENSG000000474	No	WBPhenotype:0000288, WBPhenotype:0000291, WBPhenotype:0000376	T	L	2	1
CB1844	exc-1	WBGene00001362	ENSG000000414	No	WBPhenotype:0000704, WBPhenotype:0000062	L	W	7	3
CB1845	exc-3	WBGene00001364	ENSG000000416	No	WBPhenotype:0000704, WBPhenotype:0001261	E	D	3	2
CB1846	exc-4	WBGene00001365	ENSG000000417	No	WBPhenotype:0000062, WBPhenotype:0000377, WBPhenotype:0000643	M	Y	3	1
CB1847	exc-5	WBGene00001366	ENSG000000418	No	WBPhenotype:0000062, WBPhenotype:0000688, WBPhenotype:0000704	A	F	7	1
CB1848	exc-7	WBGene00001368	ENSG000000420	No	WBPhenotype:0000017, WBPhenotype:0000704, WBPhenotype:0001261	M	R	1	4
CB1849	exc-8	WBGene00001369	ENSG000000421	No	WBPhenotype:0000704	N	C	1	3
CB1850	exl-1	WBGene00001371	ENSG000000423	No	WBPhenotype:0001274, WBPhenotype:0000062, WBPhenotype:0000180	W	V	4	3
CB1851	exo-3	WBGene00001372	ENSG000000428	No	WBPhenotype:0000154, WBPhenotype:0000697, WBPhenotype:0000848	M	M	5	3
CB1852	exp-1	WBGene00001373	ENSG000000427	No	WBPhenotype:0000205, WBPhenotype:0000552, WBPhenotype:0000637	R	I	2	4
CB1853	exp-2	WBGene00001374	ENSG000000428	Yes	WBPhenotype:0000006, WBPhenotype:0000018, WBPhenotype:0000019	C	M	7	2
CB1854	exp-3	WBGene00001375	ENSG000000429	Yes	WBPhenotype:0000006, WBPhenotype:0000022, WBPhenotype:0000205	K	K	8	1
CB1855	exp-4	WBGene00001376	ENSG000000430	No	WBPhenotype:0000006, WBPhenotype:0000022, WBPhenotype:0000205	I	D	4	1
CB1856	eya-1	WBGene00001377	ENSG000000413	Yes	WBPhenotype:0000054, WBPhenotype:0000062, WBPhenotype:0000095	E	K	5	1
CB1857	fab-1	WBGene00001378	ENSG000000391	No	WBPhenotype:0000237	Y	Y	6	4
CB1858	fab-2	WBGene00001379	ENSG000000392	No	WBPhenotype:0000237	V	T	2	2
CB1859	fab-3	WBGene00001380	ENSG000000393	No	WBPhenotype:0000237	K	P	4	4
CB1860	fab-4	WBGene00001381	ENSG000000394	No	WBPhenotype:0000237	P	D	6	1
CB1861	faf-1	WBGene00001382	ENSG000000395	No	WBPhenotype:0001152	C	F	7	4
CB1862	fam-1	WBGene00001383	ENSG000000402	No	WBPhenotype:0000006, WBPhenotype:0000230, WBPhenotype:0000406	I	L	8	2
CB1863	fam-2	WBGene00001384	ENSG000000403	Yes	WBPhenotype:0000230, WBPhenotype:0000406, WBPhenotype:0000643	N	D	8	4
CB1864	far-1	WBGene00001385	ENSG000000407	Yes	WBPhenotype:0000062, WBPhenotype:0000049, WBPhenotype:0000749	P	S	2	3
CB1865	far-2	WBGene00001386	ENSG000000408	No	WBPhenotype:0000062, WBPhenotype:0000049, WBPhenotype:0000749	K	S	5	1
CB1866	far-4	WBGene00001388	ENSG000000410	No	WBPhenotype:0000062, WBPhenotype:0000031, WBPhenotype:0000049	A	Y	5	4
CB1867	fat-1	WBGene00001393	ENSG000000409	No	WBPhenotype:0000138, WBPhenotype:0000520, WBPhenotype:0000624	S	H	6	4
CB1868	fat-2	WBGene00001394	ENSG000000410	No	WBPhenotype:0000031, WBPhenotype:0000072, WBPhenotype:0000138	T	D	6	4
CB1869	fat-3	WBGene00001395	ENSG000000411	Yes	WBPhenotype:0000031, WBPhenotype:0000138, WBPhenotype:0000154	C	L	8	4
CB1870	fat-4	WBGene00001396	ENSG000000412	No	WBPhenotype:0000138, WBPhenotype:0001418, WBPhenotype:0000520	T	S	2	2
CB1871	fat-5	WBGene00001397	ENSG000000413	No	WBPhenotype:0000022, WBPhenotype:0000031, WBPhenotype:0000138	M	V	4	1
CB1872	fat-6	WBGene00001398	ENSG000000414	No	WBPhenotype:0000022, WBPhenotype:0001418, WBPhenotype:0002360	G	V	1	2
CB1873	fat-7	WBGene00001399	ENSG000000415	No	WBPhenotype:0000022, WBPhenotype:0001418, WBPhenotype:0002360	Q	Y	7	3
CB1874	fax-1	WBGene00001400	ENSG000000413	No	WBPhenotype:0000306, WBPhenotype:0000353, WBPhenotype:0000384	N	G	1	2
CB1875	fbf-1	WBGene00001401	ENSG000000396	No	WBPhenotype:0000114, WBPhenotype:0000679, WBPhenotype:0000683	R	R	8	3
CB1876	fbf-2	WBGene00001402	ENSG000000397	No	WBPhenotype:0000062, WBPhenotype:0000688, WBPhenotype:0001175	W	V	8	3
CB1877	fbl-1	WBGene00001403	ENSG000000402	No	WBPhenotype:0000062, WBPhenotype:0000688, WBPhenotype:0000690	W	V	4	2
CB1878	fce-1	WBGene00001405	ENSG000000396	No	WBPhenotype:0000062, WBPhenotype:0001028, WBPhenotype:0000031	Q	A	4	3
CB1879	fce-2	WBGene00001406	ENSG000000397	No	WBPhenotype:0000062, WBPhenotype:0001028	Y	D	5	2
CB1880	fem-1	WBGene00001411	ENSG000000406	No	WBPhenotype:0000113, WBPhenotype:0000114, WBPhenotype:0000136	R	A	2	4
CB1881	fem-2	WBGene00001412	ENSG000000407	No	WBPhenotype:0000050, WBPhenotype:0000105, WBPhenotype:0000154	Y	C	2	4
CB1882	fem-3	WBGene00001413	ENSG000000408	No	WBPhenotype:0000006, WBPhenotype:0000038, WBPhenotype:0000050	N	P	2	1
CB1883	fer-1	WBGene00001414	ENSG000000411	No	WBPhenotype:0000017, WBPhenotype:0000357, WBPhenotype:0000387	V	F	5	4
CB1884	fer-2	WBGene00001415	ENSG000000412	No	WBPhenotype:0000357, WBPhenotype:0000387, WBPhenotype:0000688	S	T	7	1
CB1885	fer-4	WBGene00001417	ENSG000000414	No	WBPhenotype:0000291, WBPhenotype:0000357, WBPhenotype:0000387	G	C	1	1
CB1886	fer-6	WBGene00001418	ENSG000000416	No	WBPhenotype:0000284, WBPhenotype:0000357, WBPhenotype:0000688	K	M	6	2
CB1887	fer-7	WBGene00001419	ENSG000000417	No	WBPhenotype:0000357, WBPhenotype:0000387, WBPhenotype:0000688	P	N	7	1
CB1888	fer-14	WBGene00001420	ENSG000000463	No	WBPhenotype:0000670, WBPhenotype:0001386	Y	Q	2	3
CB1889	fis-1	WBGene00001424	ENSG000000416	No	WBPhenotype:0000545, WBPhenotype:0000062, WBPhenotype:0000643	P	I	8	3
CB1890	fis-2	WBGene00001425	ENSG000000417	No	WBPhenotype:0000062, WBPhenotype:0000031, WBPhenotype:0000049	Q	Y	5	4
CB1891	fkb-3	WBGene00001428	ENSG000000403	No	WBPhenotype:0000062, WBPhenotype:0000520, WBPhenotype:0000050	K	P	8	2
CB1892	fkb-4	WBGene00001429	ENSG000000404	Yes	WBPhenotype:0000062, WBPhenotype:0000031, WBPhenotype:0000049	V	H	8	4
CB1893	fkb-5	WBGene00001430	ENSG000000405	No	WBPhenotype:0000062, WBPhenotype:0000031, WBPhenotype:0000049	E	T	1	2
CB1894	fkb-6	WBGene00001431	ENSG000000406	No	WBPhenotype:0000688, WBPhenotype:0000062, WBPhenotype:0000038	T	N	7	4
CB1895	fkb-7	WBGene00001432	ENSG000000407	No	WBPhenotype:0000062, WBPhenotype:0000031, WBPhenotype:0000049	T	K	4	2
CB1896	fkh-2	WBGene00001434	ENSG000000408	No	WBPhenotype:0000062, WBPhenotype:0000615, WBPhenotype:0000643	Q	T	3	4
CB1897	fkh-3	WBGene00001435	ENSG000000409	No	WBPhenotype:0000062, WBPhenotype:0000031, WBPhenotype:0000049	E	A	3	1
CB1898	fkh-5	WBGene00001437	ENSG000000411	No	WBPhenotype:0000062, WBPhenotype:0000049, WBPhenotype:0000749	W	Q	6	4
CB1899	fkh-6	WBGene00001438	ENSG000000412	Yes	WBPhenotype:0001357, WBPhenotype:0002207, WBPhenotype:0000062	D	C	7	2
CB1900	fkh-7	WBGene00001439	ENSG000000413	No	WBPhenotype:0000062, WBPhenotype:0000688, WBPhenotype:0000050	T	W	1	4
CB1901	fkh-8	WBGene00001440	ENSG000000414	No	WBPhenotype:0000062, WBPhenotype:0000680, WBPhenotype:0000816	Y	L	5	3
CB1902	fkh-9	WBGene00001441	ENSG000000415	No	WBPhenotype:0000062, WBPhenotype:0000886, WBPhenotype:0000050	M	L	8	2
CB1903	fli-1	WBGene00001443	ENSG000000409	No	WBPhenotype:0000050, WBPhenotype:0000062, WBPhenotype:0000583	G	H	1	1
CB1904	flp-1	WBGene00001444	ENSG000000416	No	WBPhenotype:0000131, WBPhenotype:0000324, WBPhenotype:0001066	H	V	5	1
CB1905	flp-2	WBGene00001445	ENSG000000417	Yes	WBPhenotype:0000130, WBPhenotype:0001524, WBPhenotype:0000039	A	F	4	2
CB1906	flp-3	WBGene00001446	ENSG000000418	No	WBPhenotype:0002286, WBPhenotype:0002290, WBPhenotype:0002292	K	C	2	2
CB1907	flp-4	WBGene00001447	ENSG000000419	No	WBPhenotype:0000227, WBPhenotype:0000031, WBPhenotype:0000049	F	M	7	3
CB1908	flp-5	WBGene00001448	ENSG000000420	No	WBPhenotype:0000062, WBPhenotype:0000050, WBPhenotype:0000535	C	T	1	1
CB1909	flp-6	WBGene00001449	ENSG000000421	No	WBPhenotype:0000130, WBPhenotype:0000542, WBPhenotype:0001005	E	H	7	2
CB1910	flp-7	WBGene00001450	ENSG000000422	No	WBPhenotype:0000542, WBPhenotype:0002286, WBPhenotype:0002287	L	F	7	3
CB1911	flp-8	WBGene00001451	ENSG000000423	No	WBPhenotype:0000131, WBPhenotype:0000227, WBPhenotype:0000031	N	Q	3	4
CB1912	flp-9	WBGene00001452	ENSG000000424	Yes	WBPhenotype:0000164, WBPhenotype:0000324, WBPhenotype:0002284	V	L	6	3
CB1913	flp-10	WBGene00001453	ENSG000000464	No	WBPhenotype:0000131, WBPhenotype:0000164, WBPhenotype:0000227	D	Y	2	1
CB1914	flp-11	WBGene00001454	ENSG000000465	No	WBPhenotype:0000131, WBPhenotype:0000164, WBPhenotype:0001524	H	E	6	4
CB1915	flp-12	WBGene00001455	ENSG000000466	No	WBPhenotype:0000022, WBPhenotype:0000227, WBPhenotype:0000542	E	H	8	2
CB1916	flp-13	WBGene00001456	ENSG000000467	No	WBPhenotype:0000353, WBPhenotype:0001184, WBPhenotype:0001639	D	Q	1	3
CB1917	flp-14	WBGene00001457	ENSG000000468	No	WBPhenotype:0000397, WBPhenotype:0002370, WBPhenotype:0002512	Y	I	8	3
CB1918	flp-16	WBGene00001459	ENSG000000470	No	WBPhenotype:0000022, WBPhenotype:0000542, WBPhenotype:0002286	A	H	3	3
CB1919	flp-17	WBGene00001460	ENSG000000471	No	WBPhenotype:0000131, WBPhenotype:0001183, WBPhenotype:0001818	T	L	3	4
CB1920	flp-18	WBGene00001461	ENSG000000472	No	WBPhenotype:0000012, WBPhenotype:0000022, WBPhenotype:0000130	T	K	3	4
CB1921	flp-19	WBGene00001462	ENSG000000473	No	WBPhenotype:0000164, WBPhenotype:0000324, WBPhenotype:0001005	D	N	5	2
CB1922	flp-20	WBGene00001463	ENSG000000465	No	WBPhenotype:0000227, WBPhenotype:0000542, WBPhenotype:0001309	M	W	4	3
CB1923	flp-21	WBGene00001464	ENSG000000466	No	WBPhenotype:0000022, WBPhenotype:0000131, WBPhenotype:0000542	D	P	6	1
CB1924	flr-1	WBGene00001465	ENSG000000418	No	WBPhenotype:0000031, WBPhenotype:0000164, WBPhenotype:0000209	K	T	8	3
CB1925	gpla-1	WBGene00001466	ENSG000000514	No	WBPhenotype:0000007, WBPhenotype:0000011, WBPhenotype:0000294	M	G	5	4
CB1926	flr-3	WBGene00001467	ENSG000000420	Yes	WBPhenotype:0000031, WBPhenotype:0000209, WBPhenotype:0000229	D	N	7	2
CB1927	flr-4	WBGene00001468	ENSG000000421	No	WBPhenotype:0000031, WBPhenotype:0000039, WBPhenotype:0000209	D	D	2	1
CB1928	flr-5	WBGene00001469	ENSG000000422	No	WBPhenotype:0000007, WBPhenotype:0000011, WBPhenotype:0001837	L	C	7	2
CB1929	baz-2	WBGene00001470	ENSG000000412	No	WBPhenotype:0000062, WBPhenotype:0001652, WBPhenotype:0000050	A	A	2	2
CB1930	flu-1	WBGene00001471	ENSG000000421	No	WBPhenotype:0000392, WBPhenotype:0001093, WBPhenotype:0000706	W	I	4	3
CB1931	flu-3	WBGene00001473	ENSG000000423	No	WBPhenotype:0000392, WBPhenotype:0000706	P	T	8	3
CB1932	flu-4	WBGene00001474	ENSG000000424	No	WBPhenotype:0000392, WBPhenotype:0000706	K	V	1	4
CB1933	fmi-1	WBGene00001475	ENSG000000410	No	WBPhenotype:0000039, WBPhenotype:0000104, WBPhenotype:0000229	I	L	6	4
CB1934	fmo-1	WBGene00001476	ENSG000000416	No	WBPhenotype:0000384, WBPhenotype:0000572, WBPhenotype:0000880	Q	H	7	1
CB1935	fmo-2	WBGene00001477	ENSG000000417	No	WBPhenotype:0000062, WBPhenotype:0000384, WBPhenotype:0000880	N	D	6	2
CB1936	fmo-3	WBGene00001478	ENSG000000418	No	WBPhenotype:0000384, WBPhenotype:0000880, WBPhenotype:0002490	N	Q	8	4
CB1937	fmo-4	WBGene00001479	ENSG000000419	No	WBPhenotype:0000384, WBPhenotype:0000572, WBPhenotype:0000880	W	E	6	4
CB1938	fmo-5	WBGene00001480	ENSG000000420	No	WBPhenotype:0000384, WBPhenotype:0000572, WBPhenotype:0000880	R	C	8	3
CB1939	fog-1	WBGene00001481	ENSG000000410	Yes	WBPhenotype:0000062, WBPhenotype:0000357, WBPhenotype:0000682	W	M	3	1
CB1940	fog-2	WBGene00001482	ENSG000000411	No	WBPhenotype:0000105, WBPhenotype:0000666, WBPhenotype:0000682	A	W	7	3
CB1941	fog-3	WBGene00001483	ENSG000000412	No	WBPhenotype:0000062, WBPhenotype:0000670, WBPhenotype:0000682	E	W	2	3
CB1942	fox-1	WBGene00001484	ENSG000000427	No	WBPhenotype:0002669, WBPhenotype:0000066, WBPhenotype:0000114	P	G	4	2
CB1943	frh-1	WBGene00001486	ENSG000000414	No	WBPhenotype:0000062, WBPhenotype:0000688, WBPhenotype:0000031	I	A	4	2
CB1944	frk-1	WBGene00001487	ENSG000000417	No	WBPhenotype:0000062, WBPhenotype:0000031, WBPhenotype:0000049	Q	F	2	1
CB1945	frm-1	WBGene00001488	ENSG000000419	No	WBPhenotype:0000062, WBPhenotype:0000031, WBPhenotype:0000049	L	H	2	3
CB1946	frm-4	WBGene00001491	ENSG000000422	No	WBPhenotype:0000062, WBPhenotype:0000050, WBPhenotype:0000535	Y	D	4	2
CB1947	fars-1	WBGene00001497	ENSG000000522	Yes	WBPhenotype:0000055, WBPhenotype:0000057, WBPhenotype:0000062	A	R	2	1
CB1948	fsn-1	WBGene00001499	ENSG000000421	Yes	WBPhenotype:0000324, WBPhenotype:0000616, WBPhenotype:0002069	P	H	7	3
CB1949	ftn-1	WBGene00001500	ENSG000000422	No	WBPhenotype:0000134, WBPhenotype:0001171, WBPhenotype:0000062	P	N	2	1
CB1950	ftn-2	WBGene00001501	ENSG000000423	No	WBPhenotype:0000154, WBPhenotype:0002637, WBPhenotype:0000039	V	N	2	1
CB1951	ftt-2	WBGene00001502	ENSG000000429	Yes	WBPhenotype:0000062, WBPhenotype:0000688, WBPhenotype:0000031	W	Y	3	2
CB1952	fut-1	WBGene00001505	ENSG000000429	No	WBPhenotype:0002035, WBPhenotype:0002072, WBPhenotype:0000050	V	I	3	4
CB1953	fut-4	WBGene00001507	ENSG000000432	No	WBPhenotype:0000062, WBPhenotype:0000031, WBPhenotype:0000049	G	G	8	3
CB1954	fut-8	WBGene00001508	ENSG000000436	No	WBPhenotype:0002035, WBPhenotype:0000050, WBPhenotype:0000062	T	K	3	3
CB1955	fzo-1	WBGene00001509	ENSG000000429	No	WBPhenotype:0000031, WBPhenotype:0000059, WBPhenotype:0000062	Q	L	5	2
CB1956	fzr-1	WBGene00001510	ENSG000000432	No	WBPhenotype:0000145, WBPhenotype:0000640, WBPhenotype:0000050	S	H	7	1
CB1957	fzy-1	WBGene00001511	ENSG000000439	No	WBPhenotype:0000059, WBPhenotype:0000154, WBPhenotype:0000315	M	N	3	2
CB1958	gab-1	WBGene00001512	ENSG000000392	Yes	WBPhenotype:0004028, WBPhenotype:0000062, WBPhenotype:0000478	Q	A	7	1
CB1959	gad-1	WBGene00001513	ENSG000000394	No	WBPhenotype:0000047, WBPhenotype:0000050, WBPhenotype:0000286	A	E	3	1
CB1960	xnd-1	WBGene00001514	ENSG000000424	Yes	WBPhenotype:0000050, WBPhenotype:0000154, WBPhenotype:0000215	S	A	7	2
CB1961	gap-1	WBGene00001515	ENSG000000406	No	WBPhenotype:0001278, WBPhenotype:0000218, WBPhenotype:0000219	F	W	8	3
CB1962	gap-2	WBGene00001516	ENSG000000407	No	WBPhenotype:0001278, WBPhenotype:0000062, WBPhenotype:0000689	S	E	4	1
CB1963	gar-1	WBGene00001517	ENSG000000408	No	WBPhenotype:0001012, WBPhenotype:0000031, WBPhenotype:0000049	W	Y	6	3
CB1964	gar-2	WBGene00001518	ENSG000000409	No	WBPhenotype:0000016, WBPhenotype:0000324, WBPhenotype:0000420	P	F	6	1
CB1965	gar-3	WBGene00001519	ENSG000000410	No	WBPhenotype:0000061, WBPhenotype:0001006, WBPhenotype:0001265	C	S	1	1
CB1966	gas-1	WBGene00001520	ENSG000000409	No	WBPhenotype:0000136, WBPhenotype:0000137, WBPhenotype:0000154	G	S	4	3
CB1967	gas-2	WBGene00001521	ENSG000000410	No	WBPhenotype:0000563, WBPhenotype:0001606, WBPhenotype:0001608	K	F	6	4
CB1968	gcy-1	WBGene00001528	ENSG000000417	No	WBPhenotype:0001058, WBPhenotype:0000062, WBPhenotype:0000247	M	K	2	2
CB1969	gcy-4	WBGene00001531	ENSG000000420	No	WBPhenotype:0001055, WBPhenotype:0001056, WBPhenotype:0000062	G	V	1	3
CB1970	gcy-5	WBGene00001532	ENSG000000421	No	WBPhenotype:0000062, WBPhenotype:0000247, WBPhenotype:0000254	I	V	5	3
CB1971	gcy-6	WBGene00001533	ENSG000000422	No	WBPhenotype:0000254, WBPhenotype:0001059, WBPhenotype:0001841	T	S	5	1
CB1972	gcy-7	WBGene00001534	ENSG000000423	No	WBPhenotype:0000062, WBPhenotype:0000247, WBPhenotype:0000254	A	K	8	4
CB1973	gcy-8	WBGene00001535	ENSG000000424	No	WBPhenotype:0000478, WBPhenotype:0001090, WBPhenotype:0001273	A	G	5	1
CB1974	gcy-9	WBGene00001536	ENSG000000425	No	WBPhenotype:0001764, WBPhenotype:0001765, WBPhenotype:0000006	K	S	8	4
CB1975	gcy-11	WBGene00001537	ENSG000000466	No	WBPhenotype:0000062, WBPhenotype:0000031, WBPhenotype:0000049	H	P	7	2
CB1976	gcy-12	WBGene00001538	ENSG000000467	No	WBPhenotype:0001765, WBPhenotype:0000050, WBPhenotype:0000062	F	P	3	4
CB1977	gcy-14	WBGene00001540	ENSG000000469	No	WBPhenotype:0000247, WBPhenotype:0001057, WBPhenotype:0002171	P	Q	6	1
CB1978	gcy-15	WBGene00001541	ENSG000000470	No	WBPhenotype:0001765, WBPhenotype:0000031, WBPhenotype:0000049	E	P	4	2
CB1979	gcy-17	WBGene00001542	ENSG000000472	No	WBPhenotype:0000062, WBPhenotype:0001765, WBPhenotype:0000031	T	N	2	2
CB1980	gcy-18	WBGene00001543	ENSG000000473	Yes	WBPhenotype:0000478, WBPhenotype:0000315, WBPhenotype:0000031	I	Y	8	3
CB1981	gcy-19	WBGene00001544	ENSG000000474	No	WBPhenotype:0000247, WBPhenotype:0000254, WBPhenotype:0001055	L	V	5	2
CB1982	gcy-20	WBGene00001545	ENSG000000466	Yes	WBPhenotype:0000062, WBPhenotype:0000031, WBPhenotype:0000049	E	L	8	2
CB1983	gcy-22	WBGene00001547	ENSG000000468	No	WBPhenotype:0000180, WBPhenotype:0000254, WBPhenotype:0001055	W	Q	2	2
CB1984	gcy-23	WBGene00001548	ENSG000000469	No	WBPhenotype:0001273, WBPhenotype:0000315, WBPhenotype:0001765	W	D	7	2
CB1985	gcy-25	WBGene00001549	ENSG000000471	No	WBPhenotype:0000062, WBPhenotype:0001765, WBPhenotype:0000050	S	P	8	3
CB1986	gcy-27	WBGene00001550	ENSG000000473	Yes	WBPhenotype:0001454, WBPhenotype:0000886, WBPhenotype:0000031	E	C	7	4
CB1987	gcy-31	WBGene00001551	ENSG000000468	No	WBPhenotype:0000062, WBPhenotype:0001285, WBPhenotype:0001765	A	R	8	4
CB1988	gcy-32	WBGene00001552	ENSG000000469	Yes	WBPhenotype:0001765, WBPhenotype:0000031, WBPhenotype:0000049	G	D	8	3
CB1989	gcy-33	WBGene00001553	ENSG000000470	No	WBPhenotype:0001183, WBPhenotype:0001454, WBPhenotype:0001818	K	H	5	1
CB1990	gcy-34	WBGene00001554	ENSG000000471	No	WBPhenotype:0001454, WBPhenotype:0001765, WBPhenotype:0000031	R	T	1	4
CB1991	gcy-35	WBGene00001555	ENSG000000472	No	WBPhenotype:0000464, WBPhenotype:0001012, WBPhenotype:0001285	I	R	4	3
CB1992	gcy-36	WBGene00001556	ENSG000000473	No	WBPhenotype:0000464, WBPhenotype:0001285, WBPhenotype:0001765	N	M	6	4
CB1993	gdi-1	WBGene00001558	ENSG000000402	Yes	WBPhenotype:0000062, WBPhenotype:0000688, WBPhenotype:0000241	I	R	4	2
CB1994	gei-1	WBGene00001559	ENSG000000403	No	WBPhenotype:0000062, WBPhenotype:0000049, WBPhenotype:0000749	E	P	7	3
CB1995	gei-3	WBGene00001560	ENSG000000405	No	WBPhenotype:0000062, WBPhenotype:0000031, WBPhenotype:0000049	D	K	2	2
CB1996	lin-66	WBGene00001562	ENSG000000476	No	WBPhenotype:0000062, WBPhenotype:0000050, WBPhenotype:0000535	C	I	4	1
CB1997	icl-1	WBGene00001564	ENSG000000406	No	WBPhenotype:0000457, WBPhenotype:0000519, WBPhenotype:0001418	P	T	8	1
CB1998	snpc-4	WBGene00001568	ENSG000000533	No	WBPhenotype:0000050, WBPhenotype:0000062, WBPhenotype:0000688	E	N	3	1
CB1999	meg-3	WBGene00001569	ENSG000000409	No	WBPhenotype:0000062, WBPhenotype:0000031, WBPhenotype:0000049	V	T	2	4
